{
    "__comment": "Designed by Jey224 with Cubik Studio - https://cubik.studio",
    "textures": {
        "mesh_palette": "tools/dragon_hoe"
    },
    "elements": [{
            "__comment": "Voxels-440000",
            "from": [-5, 23, 9],
            "to": [-4, 24, 10],
            "faces": {
                "down": { "uv": [12.96, 4.96, 15.04, 7.04], "texture": "#mesh_palette" },
                "up": { "uv": [12.96, 4.96, 15.04, 7.04], "texture": "#mesh_palette" },
                "north": { "uv": [12.96, 4.96, 15.04, 7.04], "texture": "#mesh_palette" },
                "south": { "uv": [12.96, 4.96, 15.04, 7.04], "texture": "#mesh_palette" },
                "west": { "uv": [12.96, 4.96, 15.04, 7.04], "texture": "#mesh_palette" },
                "east": { "uv": [12.96, 4.96, 15.04, 7.04], "texture": "#mesh_palette" }
            }
        },
        {
            "__comment": "Voxels-440000",
            "from": [-4, 24, 9],
            "to": [-2, 25, 10],
            "faces": {
                "down": { "uv": [12.96, 4.96, 15.04, 7.04], "texture": "#mesh_palette" },
                "up": { "uv": [12.96, 4.96, 15.04, 7.04], "texture": "#mesh_palette" },
                "north": { "uv": [12.96, 4.96, 15.04, 7.04], "texture": "#mesh_palette" },
                "south": { "uv": [12.96, 4.96, 15.04, 7.04], "texture": "#mesh_palette" },
                "west": { "uv": [12.96, 4.96, 15.04, 7.04], "texture": "#mesh_palette" },
                "east": { "uv": [12.96, 4.96, 15.04, 7.04], "texture": "#mesh_palette" }
            }
        },
        {
            "__comment": "Voxels-5E0000",
            "from": [-2, 24, 9],
            "to": [0, 25, 10],
            "faces": {
                "down": { "uv": [8.96, 4.96, 11.04, 7.04], "texture": "#mesh_palette" },
                "up": { "uv": [8.96, 4.96, 11.04, 7.04], "texture": "#mesh_palette" },
                "north": { "uv": [8.96, 4.96, 11.04, 7.04], "texture": "#mesh_palette" },
                "south": { "uv": [8.96, 4.96, 11.04, 7.04], "texture": "#mesh_palette" },
                "west": { "uv": [8.96, 4.96, 11.04, 7.04], "texture": "#mesh_palette" },
                "east": { "uv": [8.96, 4.96, 11.04, 7.04], "texture": "#mesh_palette" }
            }
        },
        {
            "__comment": "Voxels-440000",
            "from": [-2, 25, 9],
            "to": [-1, 26, 10],
            "faces": {
                "down": { "uv": [12.96, 4.96, 15.04, 7.04], "texture": "#mesh_palette" },
                "up": { "uv": [12.96, 4.96, 15.04, 7.04], "texture": "#mesh_palette" },
                "north": { "uv": [12.96, 4.96, 15.04, 7.04], "texture": "#mesh_palette" },
                "south": { "uv": [12.96, 4.96, 15.04, 7.04], "texture": "#mesh_palette" },
                "west": { "uv": [12.96, 4.96, 15.04, 7.04], "texture": "#mesh_palette" },
                "east": { "uv": [12.96, 4.96, 15.04, 7.04], "texture": "#mesh_palette" }
            }
        },
        {
            "__comment": "Voxels-5E0000",
            "from": [-1, 25, 9],
            "to": [4, 26, 10],
            "faces": {
                "down": { "uv": [8.96, 4.96, 11.04, 7.04], "texture": "#mesh_palette" },
                "up": { "uv": [8.96, 4.96, 11.04, 7.04], "texture": "#mesh_palette" },
                "north": { "uv": [8.96, 4.96, 11.04, 7.04], "texture": "#mesh_palette" },
                "south": { "uv": [8.96, 4.96, 11.04, 7.04], "texture": "#mesh_palette" },
                "west": { "uv": [8.96, 4.96, 11.04, 7.04], "texture": "#mesh_palette" },
                "east": { "uv": [8.96, 4.96, 11.04, 7.04], "texture": "#mesh_palette" }
            }
        },
        {
            "__comment": "Voxels-440000",
            "from": [-1, 26, 9],
            "to": [1, 27, 10],
            "faces": {
                "down": { "uv": [12.96, 4.96, 15.04, 7.04], "texture": "#mesh_palette" },
                "up": { "uv": [12.96, 4.96, 15.04, 7.04], "texture": "#mesh_palette" },
                "north": { "uv": [12.96, 4.96, 15.04, 7.04], "texture": "#mesh_palette" },
                "south": { "uv": [12.96, 4.96, 15.04, 7.04], "texture": "#mesh_palette" },
                "west": { "uv": [12.96, 4.96, 15.04, 7.04], "texture": "#mesh_palette" },
                "east": { "uv": [12.96, 4.96, 15.04, 7.04], "texture": "#mesh_palette" }
            }
        },
        {
            "__comment": "Voxels-5E0000",
            "from": [1, 26, 9],
            "to": [7, 27, 10],
            "faces": {
                "down": { "uv": [8.96, 4.96, 11.04, 7.04], "texture": "#mesh_palette" },
                "up": { "uv": [8.96, 4.96, 11.04, 7.04], "texture": "#mesh_palette" },
                "north": { "uv": [8.96, 4.96, 11.04, 7.04], "texture": "#mesh_palette" },
                "south": { "uv": [8.96, 4.96, 11.04, 7.04], "texture": "#mesh_palette" },
                "west": { "uv": [8.96, 4.96, 11.04, 7.04], "texture": "#mesh_palette" },
                "east": { "uv": [8.96, 4.96, 11.04, 7.04], "texture": "#mesh_palette" }
            }
        },
        {
            "__comment": "Voxels-440000",
            "from": [1, 27, 9],
            "to": [3, 28, 10],
            "faces": {
                "down": { "uv": [12.96, 4.96, 15.04, 7.04], "texture": "#mesh_palette" },
                "up": { "uv": [12.96, 4.96, 15.04, 7.04], "texture": "#mesh_palette" },
                "north": { "uv": [12.96, 4.96, 15.04, 7.04], "texture": "#mesh_palette" },
                "south": { "uv": [12.96, 4.96, 15.04, 7.04], "texture": "#mesh_palette" },
                "west": { "uv": [12.96, 4.96, 15.04, 7.04], "texture": "#mesh_palette" },
                "east": { "uv": [12.96, 4.96, 15.04, 7.04], "texture": "#mesh_palette" }
            }
        },
        {
            "__comment": "Voxels-5E0000",
            "from": [3, 27, 9],
            "to": [11, 28, 10],
            "faces": {
                "down": { "uv": [8.96, 4.96, 11.04, 7.04], "texture": "#mesh_palette" },
                "up": { "uv": [8.96, 4.96, 11.04, 7.04], "texture": "#mesh_palette" },
                "north": { "uv": [8.96, 4.96, 11.04, 7.04], "texture": "#mesh_palette" },
                "south": { "uv": [8.96, 4.96, 11.04, 7.04], "texture": "#mesh_palette" },
                "west": { "uv": [8.96, 4.96, 11.04, 7.04], "texture": "#mesh_palette" },
                "east": { "uv": [8.96, 4.96, 11.04, 7.04], "texture": "#mesh_palette" }
            }
        },
        {
            "__comment": "Voxels-440000",
            "from": [3, 28, 9],
            "to": [6, 29, 10],
            "faces": {
                "down": { "uv": [12.96, 4.96, 15.04, 7.04], "texture": "#mesh_palette" },
                "up": { "uv": [12.96, 4.96, 15.04, 7.04], "texture": "#mesh_palette" },
                "north": { "uv": [12.96, 4.96, 15.04, 7.04], "texture": "#mesh_palette" },
                "south": { "uv": [12.96, 4.96, 15.04, 7.04], "texture": "#mesh_palette" },
                "west": { "uv": [12.96, 4.96, 15.04, 7.04], "texture": "#mesh_palette" },
                "east": { "uv": [12.96, 4.96, 15.04, 7.04], "texture": "#mesh_palette" }
            }
        },
        {
            "__comment": "Voxels-5E0000",
            "from": [6, 28, 9],
            "to": [11, 29, 10],
            "faces": {
                "down": { "uv": [8.96, 4.96, 11.04, 7.04], "texture": "#mesh_palette" },
                "up": { "uv": [8.96, 4.96, 11.04, 7.04], "texture": "#mesh_palette" },
                "north": { "uv": [8.96, 4.96, 11.04, 7.04], "texture": "#mesh_palette" },
                "south": { "uv": [8.96, 4.96, 11.04, 7.04], "texture": "#mesh_palette" },
                "west": { "uv": [8.96, 4.96, 11.04, 7.04], "texture": "#mesh_palette" },
                "east": { "uv": [8.96, 4.96, 11.04, 7.04], "texture": "#mesh_palette" }
            }
        },
        {
            "__comment": "Voxels-440000",
            "from": [6, 29, 9],
            "to": [11, 30, 10],
            "faces": {
                "down": { "uv": [12.96, 4.96, 15.04, 7.04], "texture": "#mesh_palette" },
                "up": { "uv": [12.96, 4.96, 15.04, 7.04], "texture": "#mesh_palette" },
                "north": { "uv": [12.96, 4.96, 15.04, 7.04], "texture": "#mesh_palette" },
                "south": { "uv": [12.96, 4.96, 15.04, 7.04], "texture": "#mesh_palette" },
                "west": { "uv": [12.96, 4.96, 15.04, 7.04], "texture": "#mesh_palette" },
                "east": { "uv": [12.96, 4.96, 15.04, 7.04], "texture": "#mesh_palette" }
            }
        },
        {
            "__comment": "Voxels-301900",
            "from": [7, 4, 8],
            "to": [11, 5, 9],
            "faces": {
                "down": { "uv": [8.96, 0.96, 11.04, 3.04], "texture": "#mesh_palette" },
                "up": { "uv": [8.96, 0.96, 11.04, 3.04], "texture": "#mesh_palette" },
                "north": { "uv": [8.96, 0.96, 11.04, 3.04], "texture": "#mesh_palette" },
                "south": { "uv": [8.96, 0.96, 11.04, 3.04], "texture": "#mesh_palette" },
                "west": { "uv": [8.96, 0.96, 11.04, 3.04], "texture": "#mesh_palette" },
                "east": { "uv": [8.96, 0.96, 11.04, 3.04], "texture": "#mesh_palette" }
            }
        },
        {
            "__comment": "Voxels-301900",
            "from": [7, 5, 8],
            "to": [10, 10, 9],
            "faces": {
                "down": { "uv": [8.96, 0.96, 11.04, 3.04], "texture": "#mesh_palette" },
                "up": { "uv": [8.96, 0.96, 11.04, 3.04], "texture": "#mesh_palette" },
                "north": { "uv": [8.96, 0.96, 11.04, 3.04], "texture": "#mesh_palette" },
                "south": { "uv": [8.96, 0.96, 11.04, 3.04], "texture": "#mesh_palette" },
                "west": { "uv": [8.96, 0.96, 11.04, 3.04], "texture": "#mesh_palette" },
                "east": { "uv": [8.96, 0.96, 11.04, 3.04], "texture": "#mesh_palette" }
            }
        },
        {
            "__comment": "Voxels-2C2C2C",
            "from": [7, 10, 9],
            "to": [9, 11, 10],
            "faces": {
                "down": { "uv": [12.96, 0.96, 15.04, 3.04], "texture": "#mesh_palette" },
                "up": { "uv": [12.96, 0.96, 15.04, 3.04], "texture": "#mesh_palette" },
                "north": { "uv": [12.96, 0.96, 15.04, 3.04], "texture": "#mesh_palette" },
                "south": { "uv": [12.96, 0.96, 15.04, 3.04], "texture": "#mesh_palette" },
                "west": { "uv": [12.96, 0.96, 15.04, 3.04], "texture": "#mesh_palette" },
                "east": { "uv": [12.96, 0.96, 15.04, 3.04], "texture": "#mesh_palette" }
            }
        },
        {
            "__comment": "Voxels-301900",
            "from": [8, 1, 8],
            "to": [12, 2, 9],
            "faces": {
                "down": { "uv": [8.96, 0.96, 11.04, 3.04], "texture": "#mesh_palette" },
                "up": { "uv": [8.96, 0.96, 11.04, 3.04], "texture": "#mesh_palette" },
                "north": { "uv": [8.96, 0.96, 11.04, 3.04], "texture": "#mesh_palette" },
                "south": { "uv": [8.96, 0.96, 11.04, 3.04], "texture": "#mesh_palette" },
                "west": { "uv": [8.96, 0.96, 11.04, 3.04], "texture": "#mesh_palette" },
                "east": { "uv": [8.96, 0.96, 11.04, 3.04], "texture": "#mesh_palette" }
            }
        },
        {
            "__comment": "Voxels-301900",
            "from": [8, 2, 8],
            "to": [11, 4, 9],
            "faces": {
                "down": { "uv": [8.96, 0.96, 11.04, 3.04], "texture": "#mesh_palette" },
                "up": { "uv": [8.96, 0.96, 11.04, 3.04], "texture": "#mesh_palette" },
                "north": { "uv": [8.96, 0.96, 11.04, 3.04], "texture": "#mesh_palette" },
                "south": { "uv": [8.96, 0.96, 11.04, 3.04], "texture": "#mesh_palette" },
                "west": { "uv": [8.96, 0.96, 11.04, 3.04], "texture": "#mesh_palette" },
                "east": { "uv": [8.96, 0.96, 11.04, 3.04], "texture": "#mesh_palette" }
            }
        },
        {
            "__comment": "Voxels-301900",
            "from": [8, 5, 7],
            "to": [9, 9, 8],
            "faces": {
                "down": { "uv": [8.96, 0.96, 11.04, 3.04], "texture": "#mesh_palette" },
                "up": { "uv": [8.96, 0.96, 11.04, 3.04], "texture": "#mesh_palette" },
                "north": { "uv": [8.96, 0.96, 11.04, 3.04], "texture": "#mesh_palette" },
                "south": { "uv": [8.96, 0.96, 11.04, 3.04], "texture": "#mesh_palette" },
                "west": { "uv": [8.96, 0.96, 11.04, 3.04], "texture": "#mesh_palette" },
                "east": { "uv": [8.96, 0.96, 11.04, 3.04], "texture": "#mesh_palette" }
            }
        },
        {
            "__comment": "Voxels-301900",
            "from": [8, 5, 9],
            "to": [9, 9, 10],
            "faces": {
                "down": { "uv": [8.96, 0.96, 11.04, 3.04], "texture": "#mesh_palette" },
                "up": { "uv": [8.96, 0.96, 11.04, 3.04], "texture": "#mesh_palette" },
                "north": { "uv": [8.96, 0.96, 11.04, 3.04], "texture": "#mesh_palette" },
                "south": { "uv": [8.96, 0.96, 11.04, 3.04], "texture": "#mesh_palette" },
                "west": { "uv": [8.96, 0.96, 11.04, 3.04], "texture": "#mesh_palette" },
                "east": { "uv": [8.96, 0.96, 11.04, 3.04], "texture": "#mesh_palette" }
            }
        },
        {
            "__comment": "Voxels-2C2C2C",
            "from": [8, 9, 9],
            "to": [9, 10, 10],
            "faces": {
                "down": { "uv": [12.96, 0.96, 15.04, 3.04], "texture": "#mesh_palette" },
                "up": { "uv": [12.96, 0.96, 15.04, 3.04], "texture": "#mesh_palette" },
                "north": { "uv": [12.96, 0.96, 15.04, 3.04], "texture": "#mesh_palette" },
                "south": { "uv": [12.96, 0.96, 15.04, 3.04], "texture": "#mesh_palette" },
                "west": { "uv": [12.96, 0.96, 15.04, 3.04], "texture": "#mesh_palette" },
                "east": { "uv": [12.96, 0.96, 15.04, 3.04], "texture": "#mesh_palette" }
            }
        },
        {
            "__comment": "Voxels-301900",
            "from": [8, 10, 8],
            "to": [11, 13, 9],
            "faces": {
                "down": { "uv": [8.96, 0.96, 11.04, 3.04], "texture": "#mesh_palette" },
                "up": { "uv": [8.96, 0.96, 11.04, 3.04], "texture": "#mesh_palette" },
                "north": { "uv": [8.96, 0.96, 11.04, 3.04], "texture": "#mesh_palette" },
                "south": { "uv": [8.96, 0.96, 11.04, 3.04], "texture": "#mesh_palette" },
                "west": { "uv": [8.96, 0.96, 11.04, 3.04], "texture": "#mesh_palette" },
                "east": { "uv": [8.96, 0.96, 11.04, 3.04], "texture": "#mesh_palette" }
            }
        },
        {
            "__comment": "Voxels-2C2C2C",
            "from": [8, 10, 10],
            "to": [9, 11, 11],
            "faces": {
                "down": { "uv": [12.96, 0.96, 15.04, 3.04], "texture": "#mesh_palette" },
                "up": { "uv": [12.96, 0.96, 15.04, 3.04], "texture": "#mesh_palette" },
                "north": { "uv": [12.96, 0.96, 15.04, 3.04], "texture": "#mesh_palette" },
                "south": { "uv": [12.96, 0.96, 15.04, 3.04], "texture": "#mesh_palette" },
                "west": { "uv": [12.96, 0.96, 15.04, 3.04], "texture": "#mesh_palette" },
                "east": { "uv": [12.96, 0.96, 15.04, 3.04], "texture": "#mesh_palette" }
            }
        },
        {
            "__comment": "Voxels-4F4F4F",
            "from": [8, 11, 9],
            "to": [9, 12, 10],
            "faces": {
                "down": { "uv": [0.96, 4.96, 3.04, 7.04], "texture": "#mesh_palette" },
                "up": { "uv": [0.96, 4.96, 3.04, 7.04], "texture": "#mesh_palette" },
                "north": { "uv": [0.96, 4.96, 3.04, 7.04], "texture": "#mesh_palette" },
                "south": { "uv": [0.96, 4.96, 3.04, 7.04], "texture": "#mesh_palette" },
                "west": { "uv": [0.96, 4.96, 3.04, 7.04], "texture": "#mesh_palette" },
                "east": { "uv": [0.96, 4.96, 3.04, 7.04], "texture": "#mesh_palette" }
            }
        },
        {
            "__comment": "Voxels-C3C3C3",
            "from": [8, 12, 9],
            "to": [9, 15, 10],
            "faces": {
                "down": { "uv": [4.96, 4.96, 7.04, 7.04], "texture": "#mesh_palette" },
                "up": { "uv": [4.96, 4.96, 7.04, 7.04], "texture": "#mesh_palette" },
                "north": { "uv": [4.96, 4.96, 7.04, 7.04], "texture": "#mesh_palette" },
                "south": { "uv": [4.96, 4.96, 7.04, 7.04], "texture": "#mesh_palette" },
                "west": { "uv": [4.96, 4.96, 7.04, 7.04], "texture": "#mesh_palette" },
                "east": { "uv": [4.96, 4.96, 7.04, 7.04], "texture": "#mesh_palette" }
            }
        },
        {
            "__comment": "Voxels-301900",
            "from": [8, 30, 8],
            "to": [10, 31, 9],
            "faces": {
                "down": { "uv": [8.96, 0.96, 11.04, 3.04], "texture": "#mesh_palette" },
                "up": { "uv": [8.96, 0.96, 11.04, 3.04], "texture": "#mesh_palette" },
                "north": { "uv": [8.96, 0.96, 11.04, 3.04], "texture": "#mesh_palette" },
                "south": { "uv": [8.96, 0.96, 11.04, 3.04], "texture": "#mesh_palette" },
                "west": { "uv": [8.96, 0.96, 11.04, 3.04], "texture": "#mesh_palette" },
                "east": { "uv": [8.96, 0.96, 11.04, 3.04], "texture": "#mesh_palette" }
            }
        },
        {
            "__comment": "Voxels-301900",
            "from": [8, 31, 8],
            "to": [9, 32, 9],
            "faces": {
                "down": { "uv": [8.96, 0.96, 11.04, 3.04], "texture": "#mesh_palette" },
                "up": { "uv": [8.96, 0.96, 11.04, 3.04], "texture": "#mesh_palette" },
                "north": { "uv": [8.96, 0.96, 11.04, 3.04], "texture": "#mesh_palette" },
                "south": { "uv": [8.96, 0.96, 11.04, 3.04], "texture": "#mesh_palette" },
                "west": { "uv": [8.96, 0.96, 11.04, 3.04], "texture": "#mesh_palette" },
                "east": { "uv": [8.96, 0.96, 11.04, 3.04], "texture": "#mesh_palette" }
            }
        },
        {
            "__comment": "Voxels-301900",
            "from": [9, -2, 8],
            "to": [13, -1, 9],
            "faces": {
                "down": { "uv": [8.96, 0.96, 11.04, 3.04], "texture": "#mesh_palette" },
                "up": { "uv": [8.96, 0.96, 11.04, 3.04], "texture": "#mesh_palette" },
                "north": { "uv": [8.96, 0.96, 11.04, 3.04], "texture": "#mesh_palette" },
                "south": { "uv": [8.96, 0.96, 11.04, 3.04], "texture": "#mesh_palette" },
                "west": { "uv": [8.96, 0.96, 11.04, 3.04], "texture": "#mesh_palette" },
                "east": { "uv": [8.96, 0.96, 11.04, 3.04], "texture": "#mesh_palette" }
            }
        },
        {
            "__comment": "Voxels-301900",
            "from": [9, -1, 8],
            "to": [12, 1, 9],
            "faces": {
                "down": { "uv": [8.96, 0.96, 11.04, 3.04], "texture": "#mesh_palette" },
                "up": { "uv": [8.96, 0.96, 11.04, 3.04], "texture": "#mesh_palette" },
                "north": { "uv": [8.96, 0.96, 11.04, 3.04], "texture": "#mesh_palette" },
                "south": { "uv": [8.96, 0.96, 11.04, 3.04], "texture": "#mesh_palette" },
                "west": { "uv": [8.96, 0.96, 11.04, 3.04], "texture": "#mesh_palette" },
                "east": { "uv": [8.96, 0.96, 11.04, 3.04], "texture": "#mesh_palette" }
            }
        },
        {
            "__comment": "Voxels-301900",
            "from": [9, 2, 7],
            "to": [10, 5, 8],
            "faces": {
                "down": { "uv": [8.96, 0.96, 11.04, 3.04], "texture": "#mesh_palette" },
                "up": { "uv": [8.96, 0.96, 11.04, 3.04], "texture": "#mesh_palette" },
                "north": { "uv": [8.96, 0.96, 11.04, 3.04], "texture": "#mesh_palette" },
                "south": { "uv": [8.96, 0.96, 11.04, 3.04], "texture": "#mesh_palette" },
                "west": { "uv": [8.96, 0.96, 11.04, 3.04], "texture": "#mesh_palette" },
                "east": { "uv": [8.96, 0.96, 11.04, 3.04], "texture": "#mesh_palette" }
            }
        },
        {
            "__comment": "Voxels-301900",
            "from": [9, 2, 9],
            "to": [10, 5, 10],
            "faces": {
                "down": { "uv": [8.96, 0.96, 11.04, 3.04], "texture": "#mesh_palette" },
                "up": { "uv": [8.96, 0.96, 11.04, 3.04], "texture": "#mesh_palette" },
                "north": { "uv": [8.96, 0.96, 11.04, 3.04], "texture": "#mesh_palette" },
                "south": { "uv": [8.96, 0.96, 11.04, 3.04], "texture": "#mesh_palette" },
                "west": { "uv": [8.96, 0.96, 11.04, 3.04], "texture": "#mesh_palette" },
                "east": { "uv": [8.96, 0.96, 11.04, 3.04], "texture": "#mesh_palette" }
            }
        },
        {
            "__comment": "Voxels-2C2C2C",
            "from": [9, 5, 7],
            "to": [11, 6, 8],
            "faces": {
                "down": { "uv": [12.96, 0.96, 15.04, 3.04], "texture": "#mesh_palette" },
                "up": { "uv": [12.96, 0.96, 15.04, 3.04], "texture": "#mesh_palette" },
                "north": { "uv": [12.96, 0.96, 15.04, 3.04], "texture": "#mesh_palette" },
                "south": { "uv": [12.96, 0.96, 15.04, 3.04], "texture": "#mesh_palette" },
                "west": { "uv": [12.96, 0.96, 15.04, 3.04], "texture": "#mesh_palette" },
                "east": { "uv": [12.96, 0.96, 15.04, 3.04], "texture": "#mesh_palette" }
            }
        },
        {
            "__comment": "Voxels-301900",
            "from": [9, 9, 7],
            "to": [10, 13, 8],
            "faces": {
                "down": { "uv": [8.96, 0.96, 11.04, 3.04], "texture": "#mesh_palette" },
                "up": { "uv": [8.96, 0.96, 11.04, 3.04], "texture": "#mesh_palette" },
                "north": { "uv": [8.96, 0.96, 11.04, 3.04], "texture": "#mesh_palette" },
                "south": { "uv": [8.96, 0.96, 11.04, 3.04], "texture": "#mesh_palette" },
                "west": { "uv": [8.96, 0.96, 11.04, 3.04], "texture": "#mesh_palette" },
                "east": { "uv": [8.96, 0.96, 11.04, 3.04], "texture": "#mesh_palette" }
            }
        },
        {
            "__comment": "Voxels-301900",
            "from": [9, 9, 9],
            "to": [10, 13, 10],
            "faces": {
                "down": { "uv": [8.96, 0.96, 11.04, 3.04], "texture": "#mesh_palette" },
                "up": { "uv": [8.96, 0.96, 11.04, 3.04], "texture": "#mesh_palette" },
                "north": { "uv": [8.96, 0.96, 11.04, 3.04], "texture": "#mesh_palette" },
                "south": { "uv": [8.96, 0.96, 11.04, 3.04], "texture": "#mesh_palette" },
                "west": { "uv": [8.96, 0.96, 11.04, 3.04], "texture": "#mesh_palette" },
                "east": { "uv": [8.96, 0.96, 11.04, 3.04], "texture": "#mesh_palette" }
            }
        },
        {
            "__comment": "Voxels-301900",
            "from": [9, 13, 8],
            "to": [12, 17, 9],
            "faces": {
                "down": { "uv": [8.96, 0.96, 11.04, 3.04], "texture": "#mesh_palette" },
                "up": { "uv": [8.96, 0.96, 11.04, 3.04], "texture": "#mesh_palette" },
                "north": { "uv": [8.96, 0.96, 11.04, 3.04], "texture": "#mesh_palette" },
                "south": { "uv": [8.96, 0.96, 11.04, 3.04], "texture": "#mesh_palette" },
                "west": { "uv": [8.96, 0.96, 11.04, 3.04], "texture": "#mesh_palette" },
                "east": { "uv": [8.96, 0.96, 11.04, 3.04], "texture": "#mesh_palette" }
            }
        },
        {
            "__comment": "Voxels-301900",
            "from": [9, 26, 8],
            "to": [12, 27, 9],
            "faces": {
                "down": { "uv": [8.96, 0.96, 11.04, 3.04], "texture": "#mesh_palette" },
                "up": { "uv": [8.96, 0.96, 11.04, 3.04], "texture": "#mesh_palette" },
                "north": { "uv": [8.96, 0.96, 11.04, 3.04], "texture": "#mesh_palette" },
                "south": { "uv": [8.96, 0.96, 11.04, 3.04], "texture": "#mesh_palette" },
                "west": { "uv": [8.96, 0.96, 11.04, 3.04], "texture": "#mesh_palette" },
                "east": { "uv": [8.96, 0.96, 11.04, 3.04], "texture": "#mesh_palette" }
            }
        },
        {
            "__comment": "Voxels-301900",
            "from": [9, 27, 8],
            "to": [11, 30, 9],
            "faces": {
                "down": { "uv": [8.96, 0.96, 11.04, 3.04], "texture": "#mesh_palette" },
                "up": { "uv": [8.96, 0.96, 11.04, 3.04], "texture": "#mesh_palette" },
                "north": { "uv": [8.96, 0.96, 11.04, 3.04], "texture": "#mesh_palette" },
                "south": { "uv": [8.96, 0.96, 11.04, 3.04], "texture": "#mesh_palette" },
                "west": { "uv": [8.96, 0.96, 11.04, 3.04], "texture": "#mesh_palette" },
                "east": { "uv": [8.96, 0.96, 11.04, 3.04], "texture": "#mesh_palette" }
            }
        },
        {
            "__comment": "Voxels-301900",
            "from": [10, -6, 8],
            "to": [14, -5, 9],
            "faces": {
                "down": { "uv": [8.96, 0.96, 11.04, 3.04], "texture": "#mesh_palette" },
                "up": { "uv": [8.96, 0.96, 11.04, 3.04], "texture": "#mesh_palette" },
                "north": { "uv": [8.96, 0.96, 11.04, 3.04], "texture": "#mesh_palette" },
                "south": { "uv": [8.96, 0.96, 11.04, 3.04], "texture": "#mesh_palette" },
                "west": { "uv": [8.96, 0.96, 11.04, 3.04], "texture": "#mesh_palette" },
                "east": { "uv": [8.96, 0.96, 11.04, 3.04], "texture": "#mesh_palette" }
            }
        },
        {
            "__comment": "Voxels-301900",
            "from": [10, -5, 8],
            "to": [13, -2, 9],
            "faces": {
                "down": { "uv": [8.96, 0.96, 11.04, 3.04], "texture": "#mesh_palette" },
                "up": { "uv": [8.96, 0.96, 11.04, 3.04], "texture": "#mesh_palette" },
                "north": { "uv": [8.96, 0.96, 11.04, 3.04], "texture": "#mesh_palette" },
                "south": { "uv": [8.96, 0.96, 11.04, 3.04], "texture": "#mesh_palette" },
                "west": { "uv": [8.96, 0.96, 11.04, 3.04], "texture": "#mesh_palette" },
                "east": { "uv": [8.96, 0.96, 11.04, 3.04], "texture": "#mesh_palette" }
            }
        },
        {
            "__comment": "Voxels-301900",
            "from": [10, -1, 7],
            "to": [11, 2, 8],
            "faces": {
                "down": { "uv": [8.96, 0.96, 11.04, 3.04], "texture": "#mesh_palette" },
                "up": { "uv": [8.96, 0.96, 11.04, 3.04], "texture": "#mesh_palette" },
                "north": { "uv": [8.96, 0.96, 11.04, 3.04], "texture": "#mesh_palette" },
                "south": { "uv": [8.96, 0.96, 11.04, 3.04], "texture": "#mesh_palette" },
                "west": { "uv": [8.96, 0.96, 11.04, 3.04], "texture": "#mesh_palette" },
                "east": { "uv": [8.96, 0.96, 11.04, 3.04], "texture": "#mesh_palette" }
            }
        },
        {
            "__comment": "Voxels-301900",
            "from": [10, -1, 9],
            "to": [11, 2, 10],
            "faces": {
                "down": { "uv": [8.96, 0.96, 11.04, 3.04], "texture": "#mesh_palette" },
                "up": { "uv": [8.96, 0.96, 11.04, 3.04], "texture": "#mesh_palette" },
                "north": { "uv": [8.96, 0.96, 11.04, 3.04], "texture": "#mesh_palette" },
                "south": { "uv": [8.96, 0.96, 11.04, 3.04], "texture": "#mesh_palette" },
                "west": { "uv": [8.96, 0.96, 11.04, 3.04], "texture": "#mesh_palette" },
                "east": { "uv": [8.96, 0.96, 11.04, 3.04], "texture": "#mesh_palette" }
            }
        },
        {
            "__comment": "Voxels-2C2C2C",
            "from": [10, 4, 7],
            "to": [11, 5, 8],
            "faces": {
                "down": { "uv": [12.96, 0.96, 15.04, 3.04], "texture": "#mesh_palette" },
                "up": { "uv": [12.96, 0.96, 15.04, 3.04], "texture": "#mesh_palette" },
                "north": { "uv": [12.96, 0.96, 15.04, 3.04], "texture": "#mesh_palette" },
                "south": { "uv": [12.96, 0.96, 15.04, 3.04], "texture": "#mesh_palette" },
                "west": { "uv": [12.96, 0.96, 15.04, 3.04], "texture": "#mesh_palette" },
                "east": { "uv": [12.96, 0.96, 15.04, 3.04], "texture": "#mesh_palette" }
            }
        },
        {
            "__comment": "Voxels-4F4F4F",
            "from": [10, 5, 6],
            "to": [11, 6, 7],
            "faces": {
                "down": { "uv": [0.96, 4.96, 3.04, 7.04], "texture": "#mesh_palette" },
                "up": { "uv": [0.96, 4.96, 3.04, 7.04], "texture": "#mesh_palette" },
                "north": { "uv": [0.96, 4.96, 3.04, 7.04], "texture": "#mesh_palette" },
                "south": { "uv": [0.96, 4.96, 3.04, 7.04], "texture": "#mesh_palette" },
                "west": { "uv": [0.96, 4.96, 3.04, 7.04], "texture": "#mesh_palette" },
                "east": { "uv": [0.96, 4.96, 3.04, 7.04], "texture": "#mesh_palette" }
            }
        },
        {
            "__comment": "Voxels-2C2C2C",
            "from": [10, 5, 8],
            "to": [11, 6, 9],
            "faces": {
                "down": { "uv": [12.96, 0.96, 15.04, 3.04], "texture": "#mesh_palette" },
                "up": { "uv": [12.96, 0.96, 15.04, 3.04], "texture": "#mesh_palette" },
                "north": { "uv": [12.96, 0.96, 15.04, 3.04], "texture": "#mesh_palette" },
                "south": { "uv": [12.96, 0.96, 15.04, 3.04], "texture": "#mesh_palette" },
                "west": { "uv": [12.96, 0.96, 15.04, 3.04], "texture": "#mesh_palette" },
                "east": { "uv": [12.96, 0.96, 15.04, 3.04], "texture": "#mesh_palette" }
            }
        },
        {
            "__comment": "Voxels-C3C3C3",
            "from": [10, 6, 6],
            "to": [13, 7, 7],
            "faces": {
                "down": { "uv": [4.96, 4.96, 7.04, 7.04], "texture": "#mesh_palette" },
                "up": { "uv": [4.96, 4.96, 7.04, 7.04], "texture": "#mesh_palette" },
                "north": { "uv": [4.96, 4.96, 7.04, 7.04], "texture": "#mesh_palette" },
                "south": { "uv": [4.96, 4.96, 7.04, 7.04], "texture": "#mesh_palette" },
                "west": { "uv": [4.96, 4.96, 7.04, 7.04], "texture": "#mesh_palette" },
                "east": { "uv": [4.96, 4.96, 7.04, 7.04], "texture": "#mesh_palette" }
            }
        },
        {
            "__comment": "Voxels-4F4F4F",
            "from": [10, 6, 7],
            "to": [11, 7, 8],
            "faces": {
                "down": { "uv": [0.96, 4.96, 3.04, 7.04], "texture": "#mesh_palette" },
                "up": { "uv": [0.96, 4.96, 3.04, 7.04], "texture": "#mesh_palette" },
                "north": { "uv": [0.96, 4.96, 3.04, 7.04], "texture": "#mesh_palette" },
                "south": { "uv": [0.96, 4.96, 3.04, 7.04], "texture": "#mesh_palette" },
                "west": { "uv": [0.96, 4.96, 3.04, 7.04], "texture": "#mesh_palette" },
                "east": { "uv": [0.96, 4.96, 3.04, 7.04], "texture": "#mesh_palette" }
            }
        },
        {
            "__comment": "Voxels-301900",
            "from": [10, 9, 8],
            "to": [11, 10, 9],
            "faces": {
                "down": { "uv": [8.96, 0.96, 11.04, 3.04], "texture": "#mesh_palette" },
                "up": { "uv": [8.96, 0.96, 11.04, 3.04], "texture": "#mesh_palette" },
                "north": { "uv": [8.96, 0.96, 11.04, 3.04], "texture": "#mesh_palette" },
                "south": { "uv": [8.96, 0.96, 11.04, 3.04], "texture": "#mesh_palette" },
                "west": { "uv": [8.96, 0.96, 11.04, 3.04], "texture": "#mesh_palette" },
                "east": { "uv": [8.96, 0.96, 11.04, 3.04], "texture": "#mesh_palette" }
            }
        },
        {
            "__comment": "Voxels-301900",
            "from": [10, 13, 7],
            "to": [11, 17, 8],
            "faces": {
                "down": { "uv": [8.96, 0.96, 11.04, 3.04], "texture": "#mesh_palette" },
                "up": { "uv": [8.96, 0.96, 11.04, 3.04], "texture": "#mesh_palette" },
                "north": { "uv": [8.96, 0.96, 11.04, 3.04], "texture": "#mesh_palette" },
                "south": { "uv": [8.96, 0.96, 11.04, 3.04], "texture": "#mesh_palette" },
                "west": { "uv": [8.96, 0.96, 11.04, 3.04], "texture": "#mesh_palette" },
                "east": { "uv": [8.96, 0.96, 11.04, 3.04], "texture": "#mesh_palette" }
            }
        },
        {
            "__comment": "Voxels-301900",
            "from": [10, 13, 9],
            "to": [11, 17, 10],
            "faces": {
                "down": { "uv": [8.96, 0.96, 11.04, 3.04], "texture": "#mesh_palette" },
                "up": { "uv": [8.96, 0.96, 11.04, 3.04], "texture": "#mesh_palette" },
                "north": { "uv": [8.96, 0.96, 11.04, 3.04], "texture": "#mesh_palette" },
                "south": { "uv": [8.96, 0.96, 11.04, 3.04], "texture": "#mesh_palette" },
                "west": { "uv": [8.96, 0.96, 11.04, 3.04], "texture": "#mesh_palette" },
                "east": { "uv": [8.96, 0.96, 11.04, 3.04], "texture": "#mesh_palette" }
            }
        },
        {
            "__comment": "Voxels-301900",
            "from": [10, 17, 8],
            "to": [13, 21, 9],
            "faces": {
                "down": { "uv": [8.96, 0.96, 11.04, 3.04], "texture": "#mesh_palette" },
                "up": { "uv": [8.96, 0.96, 11.04, 3.04], "texture": "#mesh_palette" },
                "north": { "uv": [8.96, 0.96, 11.04, 3.04], "texture": "#mesh_palette" },
                "south": { "uv": [8.96, 0.96, 11.04, 3.04], "texture": "#mesh_palette" },
                "west": { "uv": [8.96, 0.96, 11.04, 3.04], "texture": "#mesh_palette" },
                "east": { "uv": [8.96, 0.96, 11.04, 3.04], "texture": "#mesh_palette" }
            }
        },
        {
            "__comment": "Voxels-301900",
            "from": [10, 23, 8],
            "to": [13, 24, 9],
            "faces": {
                "down": { "uv": [8.96, 0.96, 11.04, 3.04], "texture": "#mesh_palette" },
                "up": { "uv": [8.96, 0.96, 11.04, 3.04], "texture": "#mesh_palette" },
                "north": { "uv": [8.96, 0.96, 11.04, 3.04], "texture": "#mesh_palette" },
                "south": { "uv": [8.96, 0.96, 11.04, 3.04], "texture": "#mesh_palette" },
                "west": { "uv": [8.96, 0.96, 11.04, 3.04], "texture": "#mesh_palette" },
                "east": { "uv": [8.96, 0.96, 11.04, 3.04], "texture": "#mesh_palette" }
            }
        },
        {
            "__comment": "Voxels-301900",
            "from": [10, 24, 8],
            "to": [12, 26, 9],
            "faces": {
                "down": { "uv": [8.96, 0.96, 11.04, 3.04], "texture": "#mesh_palette" },
                "up": { "uv": [8.96, 0.96, 11.04, 3.04], "texture": "#mesh_palette" },
                "north": { "uv": [8.96, 0.96, 11.04, 3.04], "texture": "#mesh_palette" },
                "south": { "uv": [8.96, 0.96, 11.04, 3.04], "texture": "#mesh_palette" },
                "west": { "uv": [8.96, 0.96, 11.04, 3.04], "texture": "#mesh_palette" },
                "east": { "uv": [8.96, 0.96, 11.04, 3.04], "texture": "#mesh_palette" }
            }
        },
        {
            "__comment": "Voxels-301900",
            "from": [10, 25, 7],
            "to": [11, 26, 8],
            "faces": {
                "down": { "uv": [8.96, 0.96, 11.04, 3.04], "texture": "#mesh_palette" },
                "up": { "uv": [8.96, 0.96, 11.04, 3.04], "texture": "#mesh_palette" },
                "north": { "uv": [8.96, 0.96, 11.04, 3.04], "texture": "#mesh_palette" },
                "south": { "uv": [8.96, 0.96, 11.04, 3.04], "texture": "#mesh_palette" },
                "west": { "uv": [8.96, 0.96, 11.04, 3.04], "texture": "#mesh_palette" },
                "east": { "uv": [8.96, 0.96, 11.04, 3.04], "texture": "#mesh_palette" }
            }
        },
        {
            "__comment": "Voxels-301900",
            "from": [10, 25, 9],
            "to": [11, 26, 10],
            "faces": {
                "down": { "uv": [8.96, 0.96, 11.04, 3.04], "texture": "#mesh_palette" },
                "up": { "uv": [8.96, 0.96, 11.04, 3.04], "texture": "#mesh_palette" },
                "north": { "uv": [8.96, 0.96, 11.04, 3.04], "texture": "#mesh_palette" },
                "south": { "uv": [8.96, 0.96, 11.04, 3.04], "texture": "#mesh_palette" },
                "west": { "uv": [8.96, 0.96, 11.04, 3.04], "texture": "#mesh_palette" },
                "east": { "uv": [8.96, 0.96, 11.04, 3.04], "texture": "#mesh_palette" }
            }
        },
        {
            "__comment": "Voxels-301900",
            "from": [11, -9, 8],
            "to": [14, -6, 9],
            "faces": {
                "down": { "uv": [8.96, 0.96, 11.04, 3.04], "texture": "#mesh_palette" },
                "up": { "uv": [8.96, 0.96, 11.04, 3.04], "texture": "#mesh_palette" },
                "north": { "uv": [8.96, 0.96, 11.04, 3.04], "texture": "#mesh_palette" },
                "south": { "uv": [8.96, 0.96, 11.04, 3.04], "texture": "#mesh_palette" },
                "west": { "uv": [8.96, 0.96, 11.04, 3.04], "texture": "#mesh_palette" },
                "east": { "uv": [8.96, 0.96, 11.04, 3.04], "texture": "#mesh_palette" }
            }
        },
        {
            "__comment": "Voxels-301900",
            "from": [11, -6, 7],
            "to": [12, -1, 8],
            "faces": {
                "down": { "uv": [8.96, 0.96, 11.04, 3.04], "texture": "#mesh_palette" },
                "up": { "uv": [8.96, 0.96, 11.04, 3.04], "texture": "#mesh_palette" },
                "north": { "uv": [8.96, 0.96, 11.04, 3.04], "texture": "#mesh_palette" },
                "south": { "uv": [8.96, 0.96, 11.04, 3.04], "texture": "#mesh_palette" },
                "west": { "uv": [8.96, 0.96, 11.04, 3.04], "texture": "#mesh_palette" },
                "east": { "uv": [8.96, 0.96, 11.04, 3.04], "texture": "#mesh_palette" }
            }
        },
        {
            "__comment": "Voxels-301900",
            "from": [11, -6, 9],
            "to": [12, -1, 10],
            "faces": {
                "down": { "uv": [8.96, 0.96, 11.04, 3.04], "texture": "#mesh_palette" },
                "up": { "uv": [8.96, 0.96, 11.04, 3.04], "texture": "#mesh_palette" },
                "north": { "uv": [8.96, 0.96, 11.04, 3.04], "texture": "#mesh_palette" },
                "south": { "uv": [8.96, 0.96, 11.04, 3.04], "texture": "#mesh_palette" },
                "west": { "uv": [8.96, 0.96, 11.04, 3.04], "texture": "#mesh_palette" },
                "east": { "uv": [8.96, 0.96, 11.04, 3.04], "texture": "#mesh_palette" }
            }
        },
        {
            "__comment": "Voxels-C3C3C3",
            "from": [11, 5, 6],
            "to": [12, 6, 7],
            "faces": {
                "down": { "uv": [4.96, 4.96, 7.04, 7.04], "texture": "#mesh_palette" },
                "up": { "uv": [4.96, 4.96, 7.04, 7.04], "texture": "#mesh_palette" },
                "north": { "uv": [4.96, 4.96, 7.04, 7.04], "texture": "#mesh_palette" },
                "south": { "uv": [4.96, 4.96, 7.04, 7.04], "texture": "#mesh_palette" },
                "west": { "uv": [4.96, 4.96, 7.04, 7.04], "texture": "#mesh_palette" },
                "east": { "uv": [4.96, 4.96, 7.04, 7.04], "texture": "#mesh_palette" }
            }
        },
        {
            "__comment": "Voxels-4F4F4F",
            "from": [11, 5, 7],
            "to": [12, 6, 8],
            "faces": {
                "down": { "uv": [0.96, 4.96, 3.04, 7.04], "texture": "#mesh_palette" },
                "up": { "uv": [0.96, 4.96, 3.04, 7.04], "texture": "#mesh_palette" },
                "north": { "uv": [0.96, 4.96, 3.04, 7.04], "texture": "#mesh_palette" },
                "south": { "uv": [0.96, 4.96, 3.04, 7.04], "texture": "#mesh_palette" },
                "west": { "uv": [0.96, 4.96, 3.04, 7.04], "texture": "#mesh_palette" },
                "east": { "uv": [0.96, 4.96, 3.04, 7.04], "texture": "#mesh_palette" }
            }
        },
        {
            "__comment": "Voxels-C3C3C3",
            "from": [11, 6, 5],
            "to": [12, 7, 6],
            "faces": {
                "down": { "uv": [4.96, 4.96, 7.04, 7.04], "texture": "#mesh_palette" },
                "up": { "uv": [4.96, 4.96, 7.04, 7.04], "texture": "#mesh_palette" },
                "north": { "uv": [4.96, 4.96, 7.04, 7.04], "texture": "#mesh_palette" },
                "south": { "uv": [4.96, 4.96, 7.04, 7.04], "texture": "#mesh_palette" },
                "west": { "uv": [4.96, 4.96, 7.04, 7.04], "texture": "#mesh_palette" },
                "east": { "uv": [4.96, 4.96, 7.04, 7.04], "texture": "#mesh_palette" }
            }
        },
        {
            "__comment": "Voxels-C3C3C3",
            "from": [11, 6, 7],
            "to": [12, 7, 8],
            "faces": {
                "down": { "uv": [4.96, 4.96, 7.04, 7.04], "texture": "#mesh_palette" },
                "up": { "uv": [4.96, 4.96, 7.04, 7.04], "texture": "#mesh_palette" },
                "north": { "uv": [4.96, 4.96, 7.04, 7.04], "texture": "#mesh_palette" },
                "south": { "uv": [4.96, 4.96, 7.04, 7.04], "texture": "#mesh_palette" },
                "west": { "uv": [4.96, 4.96, 7.04, 7.04], "texture": "#mesh_palette" },
                "east": { "uv": [4.96, 4.96, 7.04, 7.04], "texture": "#mesh_palette" }
            }
        },
        {
            "__comment": "Voxels-C3C3C3",
            "from": [11, 7, 6],
            "to": [13, 8, 7],
            "faces": {
                "down": { "uv": [4.96, 4.96, 7.04, 7.04], "texture": "#mesh_palette" },
                "up": { "uv": [4.96, 4.96, 7.04, 7.04], "texture": "#mesh_palette" },
                "north": { "uv": [4.96, 4.96, 7.04, 7.04], "texture": "#mesh_palette" },
                "south": { "uv": [4.96, 4.96, 7.04, 7.04], "texture": "#mesh_palette" },
                "west": { "uv": [4.96, 4.96, 7.04, 7.04], "texture": "#mesh_palette" },
                "east": { "uv": [4.96, 4.96, 7.04, 7.04], "texture": "#mesh_palette" }
            }
        },
        {
            "__comment": "Voxels-301900",
            "from": [11, 17, 7],
            "to": [12, 21, 8],
            "faces": {
                "down": { "uv": [8.96, 0.96, 11.04, 3.04], "texture": "#mesh_palette" },
                "up": { "uv": [8.96, 0.96, 11.04, 3.04], "texture": "#mesh_palette" },
                "north": { "uv": [8.96, 0.96, 11.04, 3.04], "texture": "#mesh_palette" },
                "south": { "uv": [8.96, 0.96, 11.04, 3.04], "texture": "#mesh_palette" },
                "west": { "uv": [8.96, 0.96, 11.04, 3.04], "texture": "#mesh_palette" },
                "east": { "uv": [8.96, 0.96, 11.04, 3.04], "texture": "#mesh_palette" }
            }
        },
        {
            "__comment": "Voxels-301900",
            "from": [11, 17, 9],
            "to": [12, 21, 10],
            "faces": {
                "down": { "uv": [8.96, 0.96, 11.04, 3.04], "texture": "#mesh_palette" },
                "up": { "uv": [8.96, 0.96, 11.04, 3.04], "texture": "#mesh_palette" },
                "north": { "uv": [8.96, 0.96, 11.04, 3.04], "texture": "#mesh_palette" },
                "south": { "uv": [8.96, 0.96, 11.04, 3.04], "texture": "#mesh_palette" },
                "west": { "uv": [8.96, 0.96, 11.04, 3.04], "texture": "#mesh_palette" },
                "east": { "uv": [8.96, 0.96, 11.04, 3.04], "texture": "#mesh_palette" }
            }
        },
        {
            "__comment": "Voxels-301900",
            "from": [11, 21, 8],
            "to": [14, 22, 9],
            "faces": {
                "down": { "uv": [8.96, 0.96, 11.04, 3.04], "texture": "#mesh_palette" },
                "up": { "uv": [8.96, 0.96, 11.04, 3.04], "texture": "#mesh_palette" },
                "north": { "uv": [8.96, 0.96, 11.04, 3.04], "texture": "#mesh_palette" },
                "south": { "uv": [8.96, 0.96, 11.04, 3.04], "texture": "#mesh_palette" },
                "west": { "uv": [8.96, 0.96, 11.04, 3.04], "texture": "#mesh_palette" },
                "east": { "uv": [8.96, 0.96, 11.04, 3.04], "texture": "#mesh_palette" }
            }
        },
        {
            "__comment": "Voxels-301900",
            "from": [11, 22, 8],
            "to": [13, 23, 9],
            "faces": {
                "down": { "uv": [8.96, 0.96, 11.04, 3.04], "texture": "#mesh_palette" },
                "up": { "uv": [8.96, 0.96, 11.04, 3.04], "texture": "#mesh_palette" },
                "north": { "uv": [8.96, 0.96, 11.04, 3.04], "texture": "#mesh_palette" },
                "south": { "uv": [8.96, 0.96, 11.04, 3.04], "texture": "#mesh_palette" },
                "west": { "uv": [8.96, 0.96, 11.04, 3.04], "texture": "#mesh_palette" },
                "east": { "uv": [8.96, 0.96, 11.04, 3.04], "texture": "#mesh_palette" }
            }
        },
        {
            "__comment": "Voxels-301900",
            "from": [11, 23, 7],
            "to": [12, 25, 8],
            "faces": {
                "down": { "uv": [8.96, 0.96, 11.04, 3.04], "texture": "#mesh_palette" },
                "up": { "uv": [8.96, 0.96, 11.04, 3.04], "texture": "#mesh_palette" },
                "north": { "uv": [8.96, 0.96, 11.04, 3.04], "texture": "#mesh_palette" },
                "south": { "uv": [8.96, 0.96, 11.04, 3.04], "texture": "#mesh_palette" },
                "west": { "uv": [8.96, 0.96, 11.04, 3.04], "texture": "#mesh_palette" },
                "east": { "uv": [8.96, 0.96, 11.04, 3.04], "texture": "#mesh_palette" }
            }
        },
        {
            "__comment": "Voxels-301900",
            "from": [11, 23, 9],
            "to": [12, 25, 10],
            "faces": {
                "down": { "uv": [8.96, 0.96, 11.04, 3.04], "texture": "#mesh_palette" },
                "up": { "uv": [8.96, 0.96, 11.04, 3.04], "texture": "#mesh_palette" },
                "north": { "uv": [8.96, 0.96, 11.04, 3.04], "texture": "#mesh_palette" },
                "south": { "uv": [8.96, 0.96, 11.04, 3.04], "texture": "#mesh_palette" },
                "west": { "uv": [8.96, 0.96, 11.04, 3.04], "texture": "#mesh_palette" },
                "east": { "uv": [8.96, 0.96, 11.04, 3.04], "texture": "#mesh_palette" }
            }
        },
        {
            "__comment": "Voxels-2C2C2C",
            "from": [11, 23, 10],
            "to": [12, 24, 11],
            "faces": {
                "down": { "uv": [12.96, 0.96, 15.04, 3.04], "texture": "#mesh_palette" },
                "up": { "uv": [12.96, 0.96, 15.04, 3.04], "texture": "#mesh_palette" },
                "north": { "uv": [12.96, 0.96, 15.04, 3.04], "texture": "#mesh_palette" },
                "south": { "uv": [12.96, 0.96, 15.04, 3.04], "texture": "#mesh_palette" },
                "west": { "uv": [12.96, 0.96, 15.04, 3.04], "texture": "#mesh_palette" },
                "east": { "uv": [12.96, 0.96, 15.04, 3.04], "texture": "#mesh_palette" }
            }
        },
        {
            "__comment": "Voxels-301900",
            "from": [12, -11, 8],
            "to": [13, -9, 9],
            "faces": {
                "down": { "uv": [8.96, 0.96, 11.04, 3.04], "texture": "#mesh_palette" },
                "up": { "uv": [8.96, 0.96, 11.04, 3.04], "texture": "#mesh_palette" },
                "north": { "uv": [8.96, 0.96, 11.04, 3.04], "texture": "#mesh_palette" },
                "south": { "uv": [8.96, 0.96, 11.04, 3.04], "texture": "#mesh_palette" },
                "west": { "uv": [8.96, 0.96, 11.04, 3.04], "texture": "#mesh_palette" },
                "east": { "uv": [8.96, 0.96, 11.04, 3.04], "texture": "#mesh_palette" }
            }
        },
        {
            "__comment": "Voxels-301900",
            "from": [12, -8, 7],
            "to": [13, -6, 8],
            "faces": {
                "down": { "uv": [8.96, 0.96, 11.04, 3.04], "texture": "#mesh_palette" },
                "up": { "uv": [8.96, 0.96, 11.04, 3.04], "texture": "#mesh_palette" },
                "north": { "uv": [8.96, 0.96, 11.04, 3.04], "texture": "#mesh_palette" },
                "south": { "uv": [8.96, 0.96, 11.04, 3.04], "texture": "#mesh_palette" },
                "west": { "uv": [8.96, 0.96, 11.04, 3.04], "texture": "#mesh_palette" },
                "east": { "uv": [8.96, 0.96, 11.04, 3.04], "texture": "#mesh_palette" }
            }
        },
        {
            "__comment": "Voxels-301900",
            "from": [12, -8, 9],
            "to": [13, -6, 10],
            "faces": {
                "down": { "uv": [8.96, 0.96, 11.04, 3.04], "texture": "#mesh_palette" },
                "up": { "uv": [8.96, 0.96, 11.04, 3.04], "texture": "#mesh_palette" },
                "north": { "uv": [8.96, 0.96, 11.04, 3.04], "texture": "#mesh_palette" },
                "south": { "uv": [8.96, 0.96, 11.04, 3.04], "texture": "#mesh_palette" },
                "west": { "uv": [8.96, 0.96, 11.04, 3.04], "texture": "#mesh_palette" },
                "east": { "uv": [8.96, 0.96, 11.04, 3.04], "texture": "#mesh_palette" }
            }
        },
        {
            "__comment": "Voxels-C3C3C3",
            "from": [12, 7, 5],
            "to": [13, 9, 6],
            "faces": {
                "down": { "uv": [4.96, 4.96, 7.04, 7.04], "texture": "#mesh_palette" },
                "up": { "uv": [4.96, 4.96, 7.04, 7.04], "texture": "#mesh_palette" },
                "north": { "uv": [4.96, 4.96, 7.04, 7.04], "texture": "#mesh_palette" },
                "south": { "uv": [4.96, 4.96, 7.04, 7.04], "texture": "#mesh_palette" },
                "west": { "uv": [4.96, 4.96, 7.04, 7.04], "texture": "#mesh_palette" },
                "east": { "uv": [4.96, 4.96, 7.04, 7.04], "texture": "#mesh_palette" }
            }
        },
        {
            "__comment": "Voxels-301900",
            "from": [12, 20, 7],
            "to": [13, 23, 8],
            "faces": {
                "down": { "uv": [8.96, 0.96, 11.04, 3.04], "texture": "#mesh_palette" },
                "up": { "uv": [8.96, 0.96, 11.04, 3.04], "texture": "#mesh_palette" },
                "north": { "uv": [8.96, 0.96, 11.04, 3.04], "texture": "#mesh_palette" },
                "south": { "uv": [8.96, 0.96, 11.04, 3.04], "texture": "#mesh_palette" },
                "west": { "uv": [8.96, 0.96, 11.04, 3.04], "texture": "#mesh_palette" },
                "east": { "uv": [8.96, 0.96, 11.04, 3.04], "texture": "#mesh_palette" }
            }
        },
        {
            "__comment": "Voxels-301900",
            "from": [12, 20, 9],
            "to": [13, 23, 10],
            "faces": {
                "down": { "uv": [8.96, 0.96, 11.04, 3.04], "texture": "#mesh_palette" },
                "up": { "uv": [8.96, 0.96, 11.04, 3.04], "texture": "#mesh_palette" },
                "north": { "uv": [8.96, 0.96, 11.04, 3.04], "texture": "#mesh_palette" },
                "south": { "uv": [8.96, 0.96, 11.04, 3.04], "texture": "#mesh_palette" },
                "west": { "uv": [8.96, 0.96, 11.04, 3.04], "texture": "#mesh_palette" },
                "east": { "uv": [8.96, 0.96, 11.04, 3.04], "texture": "#mesh_palette" }
            }
        },
        {
            "__comment": "Voxels-2C2C2C",
            "from": [12, 22, 10],
            "to": [13, 23, 11],
            "faces": {
                "down": { "uv": [12.96, 0.96, 15.04, 3.04], "texture": "#mesh_palette" },
                "up": { "uv": [12.96, 0.96, 15.04, 3.04], "texture": "#mesh_palette" },
                "north": { "uv": [12.96, 0.96, 15.04, 3.04], "texture": "#mesh_palette" },
                "south": { "uv": [12.96, 0.96, 15.04, 3.04], "texture": "#mesh_palette" },
                "west": { "uv": [12.96, 0.96, 15.04, 3.04], "texture": "#mesh_palette" },
                "east": { "uv": [12.96, 0.96, 15.04, 3.04], "texture": "#mesh_palette" }
            }
        },
        {
            "__comment": "Voxels-2C2C2C",
            "from": [12, 23, 9],
            "to": [13, 24, 10],
            "faces": {
                "down": { "uv": [12.96, 0.96, 15.04, 3.04], "texture": "#mesh_palette" },
                "up": { "uv": [12.96, 0.96, 15.04, 3.04], "texture": "#mesh_palette" },
                "north": { "uv": [12.96, 0.96, 15.04, 3.04], "texture": "#mesh_palette" },
                "south": { "uv": [12.96, 0.96, 15.04, 3.04], "texture": "#mesh_palette" },
                "west": { "uv": [12.96, 0.96, 15.04, 3.04], "texture": "#mesh_palette" },
                "east": { "uv": [12.96, 0.96, 15.04, 3.04], "texture": "#mesh_palette" }
            }
        },
        {
            "__comment": "Voxels-4F4F4F",
            "from": [12, 23, 10],
            "to": [14, 24, 11],
            "faces": {
                "down": { "uv": [0.96, 4.96, 3.04, 7.04], "texture": "#mesh_palette" },
                "up": { "uv": [0.96, 4.96, 3.04, 7.04], "texture": "#mesh_palette" },
                "north": { "uv": [0.96, 4.96, 3.04, 7.04], "texture": "#mesh_palette" },
                "south": { "uv": [0.96, 4.96, 3.04, 7.04], "texture": "#mesh_palette" },
                "west": { "uv": [0.96, 4.96, 3.04, 7.04], "texture": "#mesh_palette" },
                "east": { "uv": [0.96, 4.96, 3.04, 7.04], "texture": "#mesh_palette" }
            }
        },
        {
            "__comment": "Voxels-301900",
            "from": [13, -10, 8],
            "to": [14, -9, 9],
            "faces": {
                "down": { "uv": [8.96, 0.96, 11.04, 3.04], "texture": "#mesh_palette" },
                "up": { "uv": [8.96, 0.96, 11.04, 3.04], "texture": "#mesh_palette" },
                "north": { "uv": [8.96, 0.96, 11.04, 3.04], "texture": "#mesh_palette" },
                "south": { "uv": [8.96, 0.96, 11.04, 3.04], "texture": "#mesh_palette" },
                "west": { "uv": [8.96, 0.96, 11.04, 3.04], "texture": "#mesh_palette" },
                "east": { "uv": [8.96, 0.96, 11.04, 3.04], "texture": "#mesh_palette" }
            }
        },
        {
            "__comment": "Voxels-301900",
            "from": [13, 20, 8],
            "to": [14, 21, 9],
            "faces": {
                "down": { "uv": [8.96, 0.96, 11.04, 3.04], "texture": "#mesh_palette" },
                "up": { "uv": [8.96, 0.96, 11.04, 3.04], "texture": "#mesh_palette" },
                "north": { "uv": [8.96, 0.96, 11.04, 3.04], "texture": "#mesh_palette" },
                "south": { "uv": [8.96, 0.96, 11.04, 3.04], "texture": "#mesh_palette" },
                "west": { "uv": [8.96, 0.96, 11.04, 3.04], "texture": "#mesh_palette" },
                "east": { "uv": [8.96, 0.96, 11.04, 3.04], "texture": "#mesh_palette" }
            }
        },
        {
            "__comment": "Voxels-C3C3C3",
            "from": [13, 23, 11],
            "to": [14, 24, 12],
            "faces": {
                "down": { "uv": [4.96, 4.96, 7.04, 7.04], "texture": "#mesh_palette" },
                "up": { "uv": [4.96, 4.96, 7.04, 7.04], "texture": "#mesh_palette" },
                "north": { "uv": [4.96, 4.96, 7.04, 7.04], "texture": "#mesh_palette" },
                "south": { "uv": [4.96, 4.96, 7.04, 7.04], "texture": "#mesh_palette" },
                "west": { "uv": [4.96, 4.96, 7.04, 7.04], "texture": "#mesh_palette" },
                "east": { "uv": [4.96, 4.96, 7.04, 7.04], "texture": "#mesh_palette" }
            }
        },
        {
            "__comment": "Voxels-4F4F4F",
            "from": [13, 24, 10],
            "to": [14, 25, 12],
            "faces": {
                "down": { "uv": [0.96, 4.96, 3.04, 7.04], "texture": "#mesh_palette" },
                "up": { "uv": [0.96, 4.96, 3.04, 7.04], "texture": "#mesh_palette" },
                "north": { "uv": [0.96, 4.96, 3.04, 7.04], "texture": "#mesh_palette" },
                "south": { "uv": [0.96, 4.96, 3.04, 7.04], "texture": "#mesh_palette" },
                "west": { "uv": [0.96, 4.96, 3.04, 7.04], "texture": "#mesh_palette" },
                "east": { "uv": [0.96, 4.96, 3.04, 7.04], "texture": "#mesh_palette" }
            }
        },
        {
            "__comment": "Voxels-C3C3C3",
            "from": [13, 24, 12],
            "to": [15, 25, 13],
            "faces": {
                "down": { "uv": [4.96, 4.96, 7.04, 7.04], "texture": "#mesh_palette" },
                "up": { "uv": [4.96, 4.96, 7.04, 7.04], "texture": "#mesh_palette" },
                "north": { "uv": [4.96, 4.96, 7.04, 7.04], "texture": "#mesh_palette" },
                "south": { "uv": [4.96, 4.96, 7.04, 7.04], "texture": "#mesh_palette" },
                "west": { "uv": [4.96, 4.96, 7.04, 7.04], "texture": "#mesh_palette" },
                "east": { "uv": [4.96, 4.96, 7.04, 7.04], "texture": "#mesh_palette" }
            }
        },
        {
            "__comment": "Voxels-C3C3C3",
            "from": [14, 24, 11],
            "to": [15, 25, 12],
            "faces": {
                "down": { "uv": [4.96, 4.96, 7.04, 7.04], "texture": "#mesh_palette" },
                "up": { "uv": [4.96, 4.96, 7.04, 7.04], "texture": "#mesh_palette" },
                "north": { "uv": [4.96, 4.96, 7.04, 7.04], "texture": "#mesh_palette" },
                "south": { "uv": [4.96, 4.96, 7.04, 7.04], "texture": "#mesh_palette" },
                "west": { "uv": [4.96, 4.96, 7.04, 7.04], "texture": "#mesh_palette" },
                "east": { "uv": [4.96, 4.96, 7.04, 7.04], "texture": "#mesh_palette" }
            }
        },
        {
            "__comment": "Voxels-C3C3C3",
            "from": [14, 25, 12],
            "to": [15, 26, 14],
            "faces": {
                "down": { "uv": [4.96, 4.96, 7.04, 7.04], "texture": "#mesh_palette" },
                "up": { "uv": [4.96, 4.96, 7.04, 7.04], "texture": "#mesh_palette" },
                "north": { "uv": [4.96, 4.96, 7.04, 7.04], "texture": "#mesh_palette" },
                "south": { "uv": [4.96, 4.96, 7.04, 7.04], "texture": "#mesh_palette" },
                "west": { "uv": [4.96, 4.96, 7.04, 7.04], "texture": "#mesh_palette" },
                "east": { "uv": [4.96, 4.96, 7.04, 7.04], "texture": "#mesh_palette" }
            }
        },
        {
            "__comment": "Voxels-C3C3C3",
            "from": [14, 26, 13],
            "to": [15, 27, 14],
            "faces": {
                "down": { "uv": [4.96, 4.96, 7.04, 7.04], "texture": "#mesh_palette" },
                "up": { "uv": [4.96, 4.96, 7.04, 7.04], "texture": "#mesh_palette" },
                "north": { "uv": [4.96, 4.96, 7.04, 7.04], "texture": "#mesh_palette" },
                "south": { "uv": [4.96, 4.96, 7.04, 7.04], "texture": "#mesh_palette" },
                "west": { "uv": [4.96, 4.96, 7.04, 7.04], "texture": "#mesh_palette" },
                "east": { "uv": [4.96, 4.96, 7.04, 7.04], "texture": "#mesh_palette" }
            }
        }
    ],
    "display": {
        "thirdperson_righthand": {
            "rotation": [-10, -89, -52],
            "translation": [0.6956, 1.3916, 0]
        },
        "thirdperson_lefthand": {
            "rotation": [87, 97, -50],
            "translation": [0.6956, -1.391, 0]
        },
        "firstperson_righthand": {
            "rotation": [-2, -78, 9],
            "translation": [-0.695, 3.4782, 0.6956],
            "scale": [0.5, 0.5, 0.5]
        },
        "firstperson_lefthand": {
            "rotation": [-2, 91, 9],
            "translation": [-0.695, 3.4782, 0.6956],
            "scale": [0.5, 0.5, 0.5]
        },
        "gui": {
            "rotation": [-42, -23, -31],
            "translation": [-1.391, -1.39, 13.217],
            "scale": [0.6, 0.6347, 0.6]
        },
        "ground": {
            "rotation": [88, 0, 0],
            "scale": [0.6, 0.6, 0.6]
        },
        "fixed": {
            "rotation": [0, 0, 38],
            "translation": [2.0869, -2.086, 0],
            "scale": [0.6, 0.6, 1]
        }
    }
}