{
	"__comment": "Designed by Jey224 with Cubik Studio - https://cubik.studio",
	"textures": {
		"mesh_palette": "tools/dragon_harpoon"
	},
	"elements": [
		{
			"__comment": "Voxels-5E0000",
			"from": [ 4, -5, 8 ],
			"to": [ 5, -2, 9 ],
			"faces": {
				"down": { "uv": [ 2.48, 0.4799995, 3.52, 1.52 ], "texture": "#mesh_palette" },
				"up": { "uv": [ 2.48, 0.4799995, 3.52, 1.52 ], "texture": "#mesh_palette" },
				"north": { "uv": [ 2.48, 0.4799995, 3.52, 1.52 ], "texture": "#mesh_palette" },
				"south": { "uv": [ 2.48, 0.4799995, 3.52, 1.52 ], "texture": "#mesh_palette" },
				"west": { "uv": [ 2.48, 0.4799995, 3.52, 1.52 ], "texture": "#mesh_palette" },
				"east": { "uv": [ 2.48, 0.4799995, 3.52, 1.52 ], "texture": "#mesh_palette" }
			}
		},
		{
			"__comment": "Voxels-9B0000",
			"from": [ 5, -9, 8 ],
			"to": [ 6, -8, 9 ],
			"faces": {
				"down": { "uv": [ 4.48, 0.4799995, 5.52, 1.52 ], "texture": "#mesh_palette" },
				"up": { "uv": [ 4.48, 0.4799995, 5.52, 1.52 ], "texture": "#mesh_palette" },
				"north": { "uv": [ 4.48, 0.4799995, 5.52, 1.52 ], "texture": "#mesh_palette" },
				"south": { "uv": [ 4.48, 0.4799995, 5.52, 1.52 ], "texture": "#mesh_palette" },
				"west": { "uv": [ 4.48, 0.4799995, 5.52, 1.52 ], "texture": "#mesh_palette" },
				"east": { "uv": [ 4.48, 0.4799995, 5.52, 1.52 ], "texture": "#mesh_palette" }
			}
		},
		{
			"__comment": "Voxels-5E0000",
			"from": [ 5, -7, 8 ],
			"to": [ 6, -5, 9 ],
			"faces": {
				"down": { "uv": [ 2.48, 0.4799995, 3.52, 1.52 ], "texture": "#mesh_palette" },
				"up": { "uv": [ 2.48, 0.4799995, 3.52, 1.52 ], "texture": "#mesh_palette" },
				"north": { "uv": [ 2.48, 0.4799995, 3.52, 1.52 ], "texture": "#mesh_palette" },
				"south": { "uv": [ 2.48, 0.4799995, 3.52, 1.52 ], "texture": "#mesh_palette" },
				"west": { "uv": [ 2.48, 0.4799995, 3.52, 1.52 ], "texture": "#mesh_palette" },
				"east": { "uv": [ 2.48, 0.4799995, 3.52, 1.52 ], "texture": "#mesh_palette" }
			}
		},
		{
			"__comment": "Voxels-9B0000",
			"from": [ 6, -10, 8 ],
			"to": [ 9, -9, 9 ],
			"faces": {
				"down": { "uv": [ 4.48, 0.4799995, 5.52, 1.52 ], "texture": "#mesh_palette" },
				"up": { "uv": [ 4.48, 0.4799995, 5.52, 1.52 ], "texture": "#mesh_palette" },
				"north": { "uv": [ 4.48, 0.4799995, 5.52, 1.52 ], "texture": "#mesh_palette" },
				"south": { "uv": [ 4.48, 0.4799995, 5.52, 1.52 ], "texture": "#mesh_palette" },
				"west": { "uv": [ 4.48, 0.4799995, 5.52, 1.52 ], "texture": "#mesh_palette" },
				"east": { "uv": [ 4.48, 0.4799995, 5.52, 1.52 ], "texture": "#mesh_palette" }
			}
		},
		{
			"__comment": "Voxels-5E0000",
			"from": [ 6, -8, 8 ],
			"to": [ 9, -7, 9 ],
			"faces": {
				"down": { "uv": [ 2.48, 0.4799995, 3.52, 1.52 ], "texture": "#mesh_palette" },
				"up": { "uv": [ 2.48, 0.4799995, 3.52, 1.52 ], "texture": "#mesh_palette" },
				"north": { "uv": [ 2.48, 0.4799995, 3.52, 1.52 ], "texture": "#mesh_palette" },
				"south": { "uv": [ 2.48, 0.4799995, 3.52, 1.52 ], "texture": "#mesh_palette" },
				"west": { "uv": [ 2.48, 0.4799995, 3.52, 1.52 ], "texture": "#mesh_palette" },
				"east": { "uv": [ 2.48, 0.4799995, 3.52, 1.52 ], "texture": "#mesh_palette" }
			}
		},
		{
			"__comment": "Voxels-440000",
			"from": [ 6, -4, 8 ],
			"to": [ 9, -2, 9 ],
			"faces": {
				"down": { "uv": [ 6.48, 0.4799995, 7.52, 1.52 ], "texture": "#mesh_palette" },
				"up": { "uv": [ 6.48, 0.4799995, 7.52, 1.52 ], "texture": "#mesh_palette" },
				"north": { "uv": [ 6.48, 0.4799995, 7.52, 1.52 ], "texture": "#mesh_palette" },
				"south": { "uv": [ 6.48, 0.4799995, 7.52, 1.52 ], "texture": "#mesh_palette" },
				"west": { "uv": [ 6.48, 0.4799995, 7.52, 1.52 ], "texture": "#mesh_palette" },
				"east": { "uv": [ 6.48, 0.4799995, 7.52, 1.52 ], "texture": "#mesh_palette" }
			}
		},
		{
			"__comment": "Voxels-300C00",
			"from": [ 6, -2, 8 ],
			"to": [ 7, 2, 9 ],
			"faces": {
				"down": { "uv": [ 8.48, 0.4799995, 9.52, 1.52 ], "texture": "#mesh_palette" },
				"up": { "uv": [ 8.48, 0.4799995, 9.52, 1.52 ], "texture": "#mesh_palette" },
				"north": { "uv": [ 8.48, 0.4799995, 9.52, 1.52 ], "texture": "#mesh_palette" },
				"south": { "uv": [ 8.48, 0.4799995, 9.52, 1.52 ], "texture": "#mesh_palette" },
				"west": { "uv": [ 8.48, 0.4799995, 9.52, 1.52 ], "texture": "#mesh_palette" },
				"east": { "uv": [ 8.48, 0.4799995, 9.52, 1.52 ], "texture": "#mesh_palette" }
			}
		},
		{
			"__comment": "Voxels-300C00",
			"from": [ 6, -1, 7 ],
			"to": [ 9, 0, 8 ],
			"faces": {
				"down": { "uv": [ 8.48, 0.4799995, 9.52, 1.52 ], "texture": "#mesh_palette" },
				"up": { "uv": [ 8.48, 0.4799995, 9.52, 1.52 ], "texture": "#mesh_palette" },
				"north": { "uv": [ 8.48, 0.4799995, 9.52, 1.52 ], "texture": "#mesh_palette" },
				"south": { "uv": [ 8.48, 0.4799995, 9.52, 1.52 ], "texture": "#mesh_palette" },
				"west": { "uv": [ 8.48, 0.4799995, 9.52, 1.52 ], "texture": "#mesh_palette" },
				"east": { "uv": [ 8.48, 0.4799995, 9.52, 1.52 ], "texture": "#mesh_palette" }
			}
		},
		{
			"__comment": "Voxels-300C00",
			"from": [ 6, -1, 9 ],
			"to": [ 9, 0, 10 ],
			"faces": {
				"down": { "uv": [ 8.48, 0.4799995, 9.52, 1.52 ], "texture": "#mesh_palette" },
				"up": { "uv": [ 8.48, 0.4799995, 9.52, 1.52 ], "texture": "#mesh_palette" },
				"north": { "uv": [ 8.48, 0.4799995, 9.52, 1.52 ], "texture": "#mesh_palette" },
				"south": { "uv": [ 8.48, 0.4799995, 9.52, 1.52 ], "texture": "#mesh_palette" },
				"west": { "uv": [ 8.48, 0.4799995, 9.52, 1.52 ], "texture": "#mesh_palette" },
				"east": { "uv": [ 8.48, 0.4799995, 9.52, 1.52 ], "texture": "#mesh_palette" }
			}
		},
		{
			"__comment": "Voxels-FFC5C5",
			"from": [ 6, 3, 8 ],
			"to": [ 9, 4, 9 ],
			"faces": {
				"down": { "uv": [ 4.48, 2.48, 5.52, 3.52 ], "texture": "#mesh_palette" },
				"up": { "uv": [ 4.48, 2.48, 5.52, 3.52 ], "texture": "#mesh_palette" },
				"north": { "uv": [ 4.48, 2.48, 5.52, 3.52 ], "texture": "#mesh_palette" },
				"south": { "uv": [ 4.48, 2.48, 5.52, 3.52 ], "texture": "#mesh_palette" },
				"west": { "uv": [ 4.48, 2.48, 5.52, 3.52 ], "texture": "#mesh_palette" },
				"east": { "uv": [ 4.48, 2.48, 5.52, 3.52 ], "texture": "#mesh_palette" }
			}
		},
		{
			"__comment": "Voxels-FFDADA",
			"from": [ 6, 8, 8 ],
			"to": [ 7, 10, 9 ],
			"faces": {
				"down": { "uv": [ 6.48, 2.48, 7.52, 3.52 ], "texture": "#mesh_palette" },
				"up": { "uv": [ 6.48, 2.48, 7.52, 3.52 ], "texture": "#mesh_palette" },
				"north": { "uv": [ 6.48, 2.48, 7.52, 3.52 ], "texture": "#mesh_palette" },
				"south": { "uv": [ 6.48, 2.48, 7.52, 3.52 ], "texture": "#mesh_palette" },
				"west": { "uv": [ 6.48, 2.48, 7.52, 3.52 ], "texture": "#mesh_palette" },
				"east": { "uv": [ 6.48, 2.48, 7.52, 3.52 ], "texture": "#mesh_palette" }
			}
		},
		{
			"__comment": "Voxels-FFDADA",
			"from": [ 6, 9, 9 ],
			"to": [ 7, 12, 10 ],
			"faces": {
				"down": { "uv": [ 6.48, 2.48, 7.52, 3.52 ], "texture": "#mesh_palette" },
				"up": { "uv": [ 6.48, 2.48, 7.52, 3.52 ], "texture": "#mesh_palette" },
				"north": { "uv": [ 6.48, 2.48, 7.52, 3.52 ], "texture": "#mesh_palette" },
				"south": { "uv": [ 6.48, 2.48, 7.52, 3.52 ], "texture": "#mesh_palette" },
				"west": { "uv": [ 6.48, 2.48, 7.52, 3.52 ], "texture": "#mesh_palette" },
				"east": { "uv": [ 6.48, 2.48, 7.52, 3.52 ], "texture": "#mesh_palette" }
			}
		},
		{
			"__comment": "Voxels-FFDADA",
			"from": [ 6, 11, 10 ],
			"to": [ 7, 13, 11 ],
			"faces": {
				"down": { "uv": [ 6.48, 2.48, 7.52, 3.52 ], "texture": "#mesh_palette" },
				"up": { "uv": [ 6.48, 2.48, 7.52, 3.52 ], "texture": "#mesh_palette" },
				"north": { "uv": [ 6.48, 2.48, 7.52, 3.52 ], "texture": "#mesh_palette" },
				"south": { "uv": [ 6.48, 2.48, 7.52, 3.52 ], "texture": "#mesh_palette" },
				"west": { "uv": [ 6.48, 2.48, 7.52, 3.52 ], "texture": "#mesh_palette" },
				"east": { "uv": [ 6.48, 2.48, 7.52, 3.52 ], "texture": "#mesh_palette" }
			}
		},
		{
			"__comment": "Voxels-FFC5C5",
			"from": [ 6, 14, 8 ],
			"to": [ 9, 15, 9 ],
			"faces": {
				"down": { "uv": [ 4.48, 2.48, 5.52, 3.52 ], "texture": "#mesh_palette" },
				"up": { "uv": [ 4.48, 2.48, 5.52, 3.52 ], "texture": "#mesh_palette" },
				"north": { "uv": [ 4.48, 2.48, 5.52, 3.52 ], "texture": "#mesh_palette" },
				"south": { "uv": [ 4.48, 2.48, 5.52, 3.52 ], "texture": "#mesh_palette" },
				"west": { "uv": [ 4.48, 2.48, 5.52, 3.52 ], "texture": "#mesh_palette" },
				"east": { "uv": [ 4.48, 2.48, 5.52, 3.52 ], "texture": "#mesh_palette" }
			}
		},
		{
			"__comment": "Voxels-361206",
			"from": [ 6, 15, 7 ],
			"to": [ 7, 16, 8 ],
			"faces": {
				"down": { "uv": [ 8.48, 2.48, 9.52, 3.52 ], "texture": "#mesh_palette" },
				"up": { "uv": [ 8.48, 2.48, 9.52, 3.52 ], "texture": "#mesh_palette" },
				"north": { "uv": [ 8.48, 2.48, 9.52, 3.52 ], "texture": "#mesh_palette" },
				"south": { "uv": [ 8.48, 2.48, 9.52, 3.52 ], "texture": "#mesh_palette" },
				"west": { "uv": [ 8.48, 2.48, 9.52, 3.52 ], "texture": "#mesh_palette" },
				"east": { "uv": [ 8.48, 2.48, 9.52, 3.52 ], "texture": "#mesh_palette" }
			}
		},
		{
			"__comment": "Voxels-300C00",
			"from": [ 6, 15, 8 ],
			"to": [ 7, 16, 9 ],
			"faces": {
				"down": { "uv": [ 8.48, 0.4799995, 9.52, 1.52 ], "texture": "#mesh_palette" },
				"up": { "uv": [ 8.48, 0.4799995, 9.52, 1.52 ], "texture": "#mesh_palette" },
				"north": { "uv": [ 8.48, 0.4799995, 9.52, 1.52 ], "texture": "#mesh_palette" },
				"south": { "uv": [ 8.48, 0.4799995, 9.52, 1.52 ], "texture": "#mesh_palette" },
				"west": { "uv": [ 8.48, 0.4799995, 9.52, 1.52 ], "texture": "#mesh_palette" },
				"east": { "uv": [ 8.48, 0.4799995, 9.52, 1.52 ], "texture": "#mesh_palette" }
			}
		},
		{
			"__comment": "Voxels-240000",
			"from": [ 6, 15, 9 ],
			"to": [ 7, 16, 10 ],
			"faces": {
				"down": { "uv": [ 10.48, 2.48, 11.52, 3.52 ], "texture": "#mesh_palette" },
				"up": { "uv": [ 10.48, 2.48, 11.52, 3.52 ], "texture": "#mesh_palette" },
				"north": { "uv": [ 10.48, 2.48, 11.52, 3.52 ], "texture": "#mesh_palette" },
				"south": { "uv": [ 10.48, 2.48, 11.52, 3.52 ], "texture": "#mesh_palette" },
				"west": { "uv": [ 10.48, 2.48, 11.52, 3.52 ], "texture": "#mesh_palette" },
				"east": { "uv": [ 10.48, 2.48, 11.52, 3.52 ], "texture": "#mesh_palette" }
			}
		},
		{
			"__comment": "Voxels-3C180C",
			"from": [ 6, 16, 8 ],
			"to": [ 8, 17, 9 ],
			"faces": {
				"down": { "uv": [ 14.48, 4.48, 15.52, 5.52 ], "texture": "#mesh_palette" },
				"up": { "uv": [ 14.48, 4.48, 15.52, 5.52 ], "texture": "#mesh_palette" },
				"north": { "uv": [ 14.48, 4.48, 15.52, 5.52 ], "texture": "#mesh_palette" },
				"south": { "uv": [ 14.48, 4.48, 15.52, 5.52 ], "texture": "#mesh_palette" },
				"west": { "uv": [ 14.48, 4.48, 15.52, 5.52 ], "texture": "#mesh_palette" },
				"east": { "uv": [ 14.48, 4.48, 15.52, 5.52 ], "texture": "#mesh_palette" }
			}
		},
		{
			"__comment": "Voxels-2F0B00",
			"from": [ 6, 17, 8 ],
			"to": [ 7, 18, 9 ],
			"faces": {
				"down": { "uv": [ 0.48, 6.48, 1.52, 7.52 ], "texture": "#mesh_palette" },
				"up": { "uv": [ 0.48, 6.48, 1.52, 7.52 ], "texture": "#mesh_palette" },
				"north": { "uv": [ 0.48, 6.48, 1.52, 7.52 ], "texture": "#mesh_palette" },
				"south": { "uv": [ 0.48, 6.48, 1.52, 7.52 ], "texture": "#mesh_palette" },
				"west": { "uv": [ 0.48, 6.48, 1.52, 7.52 ], "texture": "#mesh_palette" },
				"east": { "uv": [ 0.48, 6.48, 1.52, 7.52 ], "texture": "#mesh_palette" }
			}
		},
		{
			"__comment": "Voxels-2F0B00",
			"from": [ 6, 18, 7 ],
			"to": [ 7, 19, 8 ],
			"faces": {
				"down": { "uv": [ 0.48, 6.48, 1.52, 7.52 ], "texture": "#mesh_palette" },
				"up": { "uv": [ 0.48, 6.48, 1.52, 7.52 ], "texture": "#mesh_palette" },
				"north": { "uv": [ 0.48, 6.48, 1.52, 7.52 ], "texture": "#mesh_palette" },
				"south": { "uv": [ 0.48, 6.48, 1.52, 7.52 ], "texture": "#mesh_palette" },
				"west": { "uv": [ 0.48, 6.48, 1.52, 7.52 ], "texture": "#mesh_palette" },
				"east": { "uv": [ 0.48, 6.48, 1.52, 7.52 ], "texture": "#mesh_palette" }
			}
		},
		{
			"__comment": "Voxels-3A160A",
			"from": [ 6, 18, 8 ],
			"to": [ 7, 19, 9 ],
			"faces": {
				"down": { "uv": [ 2.48, 6.48, 3.52, 7.52 ], "texture": "#mesh_palette" },
				"up": { "uv": [ 2.48, 6.48, 3.52, 7.52 ], "texture": "#mesh_palette" },
				"north": { "uv": [ 2.48, 6.48, 3.52, 7.52 ], "texture": "#mesh_palette" },
				"south": { "uv": [ 2.48, 6.48, 3.52, 7.52 ], "texture": "#mesh_palette" },
				"west": { "uv": [ 2.48, 6.48, 3.52, 7.52 ], "texture": "#mesh_palette" },
				"east": { "uv": [ 2.48, 6.48, 3.52, 7.52 ], "texture": "#mesh_palette" }
			}
		},
		{
			"__comment": "Voxels-2D0900",
			"from": [ 6, 18, 9 ],
			"to": [ 7, 19, 10 ],
			"faces": {
				"down": { "uv": [ 4.48, 6.48, 5.52, 7.52 ], "texture": "#mesh_palette" },
				"up": { "uv": [ 4.48, 6.48, 5.52, 7.52 ], "texture": "#mesh_palette" },
				"north": { "uv": [ 4.48, 6.48, 5.52, 7.52 ], "texture": "#mesh_palette" },
				"south": { "uv": [ 4.48, 6.48, 5.52, 7.52 ], "texture": "#mesh_palette" },
				"west": { "uv": [ 4.48, 6.48, 5.52, 7.52 ], "texture": "#mesh_palette" },
				"east": { "uv": [ 4.48, 6.48, 5.52, 7.52 ], "texture": "#mesh_palette" }
			}
		},
		{
			"__comment": "Voxels-240000",
			"from": [ 6, 19, 6 ],
			"to": [ 7, 20, 7 ],
			"faces": {
				"down": { "uv": [ 10.48, 2.48, 11.52, 3.52 ], "texture": "#mesh_palette" },
				"up": { "uv": [ 10.48, 2.48, 11.52, 3.52 ], "texture": "#mesh_palette" },
				"north": { "uv": [ 10.48, 2.48, 11.52, 3.52 ], "texture": "#mesh_palette" },
				"south": { "uv": [ 10.48, 2.48, 11.52, 3.52 ], "texture": "#mesh_palette" },
				"west": { "uv": [ 10.48, 2.48, 11.52, 3.52 ], "texture": "#mesh_palette" },
				"east": { "uv": [ 10.48, 2.48, 11.52, 3.52 ], "texture": "#mesh_palette" }
			}
		},
		{
			"__comment": "Voxels-2D0900",
			"from": [ 6, 19, 10 ],
			"to": [ 7, 20, 11 ],
			"faces": {
				"down": { "uv": [ 4.48, 6.48, 5.52, 7.52 ], "texture": "#mesh_palette" },
				"up": { "uv": [ 4.48, 6.48, 5.52, 7.52 ], "texture": "#mesh_palette" },
				"north": { "uv": [ 4.48, 6.48, 5.52, 7.52 ], "texture": "#mesh_palette" },
				"south": { "uv": [ 4.48, 6.48, 5.52, 7.52 ], "texture": "#mesh_palette" },
				"west": { "uv": [ 4.48, 6.48, 5.52, 7.52 ], "texture": "#mesh_palette" },
				"east": { "uv": [ 4.48, 6.48, 5.52, 7.52 ], "texture": "#mesh_palette" }
			}
		},
		{
			"__comment": "Voxels-280400",
			"from": [ 6, 20, 6 ],
			"to": [ 7, 21, 7 ],
			"faces": {
				"down": { "uv": [ 6.48, 6.48, 7.52, 7.52 ], "texture": "#mesh_palette" },
				"up": { "uv": [ 6.48, 6.48, 7.52, 7.52 ], "texture": "#mesh_palette" },
				"north": { "uv": [ 6.48, 6.48, 7.52, 7.52 ], "texture": "#mesh_palette" },
				"south": { "uv": [ 6.48, 6.48, 7.52, 7.52 ], "texture": "#mesh_palette" },
				"west": { "uv": [ 6.48, 6.48, 7.52, 7.52 ], "texture": "#mesh_palette" },
				"east": { "uv": [ 6.48, 6.48, 7.52, 7.52 ], "texture": "#mesh_palette" }
			}
		},
		{
			"__comment": "Voxels-351105",
			"from": [ 6, 20, 10 ],
			"to": [ 7, 21, 11 ],
			"faces": {
				"down": { "uv": [ 8.48, 6.48, 9.52, 7.52 ], "texture": "#mesh_palette" },
				"up": { "uv": [ 8.48, 6.48, 9.52, 7.52 ], "texture": "#mesh_palette" },
				"north": { "uv": [ 8.48, 6.48, 9.52, 7.52 ], "texture": "#mesh_palette" },
				"south": { "uv": [ 8.48, 6.48, 9.52, 7.52 ], "texture": "#mesh_palette" },
				"west": { "uv": [ 8.48, 6.48, 9.52, 7.52 ], "texture": "#mesh_palette" },
				"east": { "uv": [ 8.48, 6.48, 9.52, 7.52 ], "texture": "#mesh_palette" }
			}
		},
		{
			"__comment": "Voxels-200000",
			"from": [ 6, 21, 6 ],
			"to": [ 7, 22, 7 ],
			"faces": {
				"down": { "uv": [ 10.48, 4.48, 11.52, 5.52 ], "texture": "#mesh_palette" },
				"up": { "uv": [ 10.48, 4.48, 11.52, 5.52 ], "texture": "#mesh_palette" },
				"north": { "uv": [ 10.48, 4.48, 11.52, 5.52 ], "texture": "#mesh_palette" },
				"south": { "uv": [ 10.48, 4.48, 11.52, 5.52 ], "texture": "#mesh_palette" },
				"west": { "uv": [ 10.48, 4.48, 11.52, 5.52 ], "texture": "#mesh_palette" },
				"east": { "uv": [ 10.48, 4.48, 11.52, 5.52 ], "texture": "#mesh_palette" }
			}
		},
		{
			"__comment": "Voxels-280400",
			"from": [ 6, 21, 9 ],
			"to": [ 7, 22, 10 ],
			"faces": {
				"down": { "uv": [ 6.48, 6.48, 7.52, 7.52 ], "texture": "#mesh_palette" },
				"up": { "uv": [ 6.48, 6.48, 7.52, 7.52 ], "texture": "#mesh_palette" },
				"north": { "uv": [ 6.48, 6.48, 7.52, 7.52 ], "texture": "#mesh_palette" },
				"south": { "uv": [ 6.48, 6.48, 7.52, 7.52 ], "texture": "#mesh_palette" },
				"west": { "uv": [ 6.48, 6.48, 7.52, 7.52 ], "texture": "#mesh_palette" },
				"east": { "uv": [ 6.48, 6.48, 7.52, 7.52 ], "texture": "#mesh_palette" }
			}
		},
		{
			"__comment": "Voxels-320E02",
			"from": [ 6, 21, 10 ],
			"to": [ 7, 22, 11 ],
			"faces": {
				"down": { "uv": [ 10.48, 6.48, 11.52, 7.52 ], "texture": "#mesh_palette" },
				"up": { "uv": [ 10.48, 6.48, 11.52, 7.52 ], "texture": "#mesh_palette" },
				"north": { "uv": [ 10.48, 6.48, 11.52, 7.52 ], "texture": "#mesh_palette" },
				"south": { "uv": [ 10.48, 6.48, 11.52, 7.52 ], "texture": "#mesh_palette" },
				"west": { "uv": [ 10.48, 6.48, 11.52, 7.52 ], "texture": "#mesh_palette" },
				"east": { "uv": [ 10.48, 6.48, 11.52, 7.52 ], "texture": "#mesh_palette" }
			}
		},
		{
			"__comment": "Voxels-2C0800",
			"from": [ 6, 22, 7 ],
			"to": [ 7, 23, 8 ],
			"faces": {
				"down": { "uv": [ 12.48, 6.48, 13.52, 7.52 ], "texture": "#mesh_palette" },
				"up": { "uv": [ 12.48, 6.48, 13.52, 7.52 ], "texture": "#mesh_palette" },
				"north": { "uv": [ 12.48, 6.48, 13.52, 7.52 ], "texture": "#mesh_palette" },
				"south": { "uv": [ 12.48, 6.48, 13.52, 7.52 ], "texture": "#mesh_palette" },
				"west": { "uv": [ 12.48, 6.48, 13.52, 7.52 ], "texture": "#mesh_palette" },
				"east": { "uv": [ 12.48, 6.48, 13.52, 7.52 ], "texture": "#mesh_palette" }
			}
		},
		{
			"__comment": "Voxels-3F1B0F",
			"from": [ 6, 22, 8 ],
			"to": [ 7, 23, 9 ],
			"faces": {
				"down": { "uv": [ 14.48, 6.48, 15.52, 7.52 ], "texture": "#mesh_palette" },
				"up": { "uv": [ 14.48, 6.48, 15.52, 7.52 ], "texture": "#mesh_palette" },
				"north": { "uv": [ 14.48, 6.48, 15.52, 7.52 ], "texture": "#mesh_palette" },
				"south": { "uv": [ 14.48, 6.48, 15.52, 7.52 ], "texture": "#mesh_palette" },
				"west": { "uv": [ 14.48, 6.48, 15.52, 7.52 ], "texture": "#mesh_palette" },
				"east": { "uv": [ 14.48, 6.48, 15.52, 7.52 ], "texture": "#mesh_palette" }
			}
		},
		{
			"__comment": "Voxels-3E1A0E",
			"from": [ 6, 22, 9 ],
			"to": [ 7, 23, 10 ],
			"faces": {
				"down": { "uv": [ 0.48, 8.48, 1.52, 9.52 ], "texture": "#mesh_palette" },
				"up": { "uv": [ 0.48, 8.48, 1.52, 9.52 ], "texture": "#mesh_palette" },
				"north": { "uv": [ 0.48, 8.48, 1.52, 9.52 ], "texture": "#mesh_palette" },
				"south": { "uv": [ 0.48, 8.48, 1.52, 9.52 ], "texture": "#mesh_palette" },
				"west": { "uv": [ 0.48, 8.48, 1.52, 9.52 ], "texture": "#mesh_palette" },
				"east": { "uv": [ 0.48, 8.48, 1.52, 9.52 ], "texture": "#mesh_palette" }
			}
		},
		{
			"__comment": "Voxels-B70000",
			"from": [ 7, -11, 8 ],
			"to": [ 8, -10, 9 ],
			"faces": {
				"down": { "uv": [ 10.48, 0.4799995, 11.52, 1.52 ], "texture": "#mesh_palette" },
				"up": { "uv": [ 10.48, 0.4799995, 11.52, 1.52 ], "texture": "#mesh_palette" },
				"north": { "uv": [ 10.48, 0.4799995, 11.52, 1.52 ], "texture": "#mesh_palette" },
				"south": { "uv": [ 10.48, 0.4799995, 11.52, 1.52 ], "texture": "#mesh_palette" },
				"west": { "uv": [ 10.48, 0.4799995, 11.52, 1.52 ], "texture": "#mesh_palette" },
				"east": { "uv": [ 10.48, 0.4799995, 11.52, 1.52 ], "texture": "#mesh_palette" }
			}
		},
		{
			"__comment": "Voxels-9B0000",
			"from": [ 7, -10, 7 ],
			"to": [ 8, -9, 8 ],
			"faces": {
				"down": { "uv": [ 4.48, 0.4799995, 5.52, 1.52 ], "texture": "#mesh_palette" },
				"up": { "uv": [ 4.48, 0.4799995, 5.52, 1.52 ], "texture": "#mesh_palette" },
				"north": { "uv": [ 4.48, 0.4799995, 5.52, 1.52 ], "texture": "#mesh_palette" },
				"south": { "uv": [ 4.48, 0.4799995, 5.52, 1.52 ], "texture": "#mesh_palette" },
				"west": { "uv": [ 4.48, 0.4799995, 5.52, 1.52 ], "texture": "#mesh_palette" },
				"east": { "uv": [ 4.48, 0.4799995, 5.52, 1.52 ], "texture": "#mesh_palette" }
			}
		},
		{
			"__comment": "Voxels-9B0000",
			"from": [ 7, -10, 9 ],
			"to": [ 8, -9, 10 ],
			"faces": {
				"down": { "uv": [ 4.48, 0.4799995, 5.52, 1.52 ], "texture": "#mesh_palette" },
				"up": { "uv": [ 4.48, 0.4799995, 5.52, 1.52 ], "texture": "#mesh_palette" },
				"north": { "uv": [ 4.48, 0.4799995, 5.52, 1.52 ], "texture": "#mesh_palette" },
				"south": { "uv": [ 4.48, 0.4799995, 5.52, 1.52 ], "texture": "#mesh_palette" },
				"west": { "uv": [ 4.48, 0.4799995, 5.52, 1.52 ], "texture": "#mesh_palette" },
				"east": { "uv": [ 4.48, 0.4799995, 5.52, 1.52 ], "texture": "#mesh_palette" }
			}
		},
		{
			"__comment": "Voxels-9B0000",
			"from": [ 7, -9, 6 ],
			"to": [ 8, -8, 7 ],
			"faces": {
				"down": { "uv": [ 4.48, 0.4799995, 5.52, 1.52 ], "texture": "#mesh_palette" },
				"up": { "uv": [ 4.48, 0.4799995, 5.52, 1.52 ], "texture": "#mesh_palette" },
				"north": { "uv": [ 4.48, 0.4799995, 5.52, 1.52 ], "texture": "#mesh_palette" },
				"south": { "uv": [ 4.48, 0.4799995, 5.52, 1.52 ], "texture": "#mesh_palette" },
				"west": { "uv": [ 4.48, 0.4799995, 5.52, 1.52 ], "texture": "#mesh_palette" },
				"east": { "uv": [ 4.48, 0.4799995, 5.52, 1.52 ], "texture": "#mesh_palette" }
			}
		},
		{
			"__comment": "Voxels-790000",
			"from": [ 7, -9, 8 ],
			"to": [ 8, -8, 9 ],
			"faces": {
				"down": { "uv": [ 12.48, 0.4799995, 13.52, 1.52 ], "texture": "#mesh_palette" },
				"up": { "uv": [ 12.48, 0.4799995, 13.52, 1.52 ], "texture": "#mesh_palette" },
				"north": { "uv": [ 12.48, 0.4799995, 13.52, 1.52 ], "texture": "#mesh_palette" },
				"south": { "uv": [ 12.48, 0.4799995, 13.52, 1.52 ], "texture": "#mesh_palette" },
				"west": { "uv": [ 12.48, 0.4799995, 13.52, 1.52 ], "texture": "#mesh_palette" },
				"east": { "uv": [ 12.48, 0.4799995, 13.52, 1.52 ], "texture": "#mesh_palette" }
			}
		},
		{
			"__comment": "Voxels-9B0000",
			"from": [ 7, -9, 10 ],
			"to": [ 8, -8, 11 ],
			"faces": {
				"down": { "uv": [ 4.48, 0.4799995, 5.52, 1.52 ], "texture": "#mesh_palette" },
				"up": { "uv": [ 4.48, 0.4799995, 5.52, 1.52 ], "texture": "#mesh_palette" },
				"north": { "uv": [ 4.48, 0.4799995, 5.52, 1.52 ], "texture": "#mesh_palette" },
				"south": { "uv": [ 4.48, 0.4799995, 5.52, 1.52 ], "texture": "#mesh_palette" },
				"west": { "uv": [ 4.48, 0.4799995, 5.52, 1.52 ], "texture": "#mesh_palette" },
				"east": { "uv": [ 4.48, 0.4799995, 5.52, 1.52 ], "texture": "#mesh_palette" }
			}
		},
		{
			"__comment": "Voxels-5E0000",
			"from": [ 7, -8, 7 ],
			"to": [ 8, -7, 8 ],
			"faces": {
				"down": { "uv": [ 2.48, 0.4799995, 3.52, 1.52 ], "texture": "#mesh_palette" },
				"up": { "uv": [ 2.48, 0.4799995, 3.52, 1.52 ], "texture": "#mesh_palette" },
				"north": { "uv": [ 2.48, 0.4799995, 3.52, 1.52 ], "texture": "#mesh_palette" },
				"south": { "uv": [ 2.48, 0.4799995, 3.52, 1.52 ], "texture": "#mesh_palette" },
				"west": { "uv": [ 2.48, 0.4799995, 3.52, 1.52 ], "texture": "#mesh_palette" },
				"east": { "uv": [ 2.48, 0.4799995, 3.52, 1.52 ], "texture": "#mesh_palette" }
			}
		},
		{
			"__comment": "Voxels-5E0000",
			"from": [ 7, -8, 9 ],
			"to": [ 8, -7, 10 ],
			"faces": {
				"down": { "uv": [ 2.48, 0.4799995, 3.52, 1.52 ], "texture": "#mesh_palette" },
				"up": { "uv": [ 2.48, 0.4799995, 3.52, 1.52 ], "texture": "#mesh_palette" },
				"north": { "uv": [ 2.48, 0.4799995, 3.52, 1.52 ], "texture": "#mesh_palette" },
				"south": { "uv": [ 2.48, 0.4799995, 3.52, 1.52 ], "texture": "#mesh_palette" },
				"west": { "uv": [ 2.48, 0.4799995, 3.52, 1.52 ], "texture": "#mesh_palette" },
				"east": { "uv": [ 2.48, 0.4799995, 3.52, 1.52 ], "texture": "#mesh_palette" }
			}
		},
		{
			"__comment": "Voxels-5E0000",
			"from": [ 7, -7, 6 ],
			"to": [ 8, -5, 7 ],
			"faces": {
				"down": { "uv": [ 2.48, 0.4799995, 3.52, 1.52 ], "texture": "#mesh_palette" },
				"up": { "uv": [ 2.48, 0.4799995, 3.52, 1.52 ], "texture": "#mesh_palette" },
				"north": { "uv": [ 2.48, 0.4799995, 3.52, 1.52 ], "texture": "#mesh_palette" },
				"south": { "uv": [ 2.48, 0.4799995, 3.52, 1.52 ], "texture": "#mesh_palette" },
				"west": { "uv": [ 2.48, 0.4799995, 3.52, 1.52 ], "texture": "#mesh_palette" },
				"east": { "uv": [ 2.48, 0.4799995, 3.52, 1.52 ], "texture": "#mesh_palette" }
			}
		},
		{
			"__comment": "Voxels-440000",
			"from": [ 7, -7, 8 ],
			"to": [ 8, -4, 9 ],
			"faces": {
				"down": { "uv": [ 6.48, 0.4799995, 7.52, 1.52 ], "texture": "#mesh_palette" },
				"up": { "uv": [ 6.48, 0.4799995, 7.52, 1.52 ], "texture": "#mesh_palette" },
				"north": { "uv": [ 6.48, 0.4799995, 7.52, 1.52 ], "texture": "#mesh_palette" },
				"south": { "uv": [ 6.48, 0.4799995, 7.52, 1.52 ], "texture": "#mesh_palette" },
				"west": { "uv": [ 6.48, 0.4799995, 7.52, 1.52 ], "texture": "#mesh_palette" },
				"east": { "uv": [ 6.48, 0.4799995, 7.52, 1.52 ], "texture": "#mesh_palette" }
			}
		},
		{
			"__comment": "Voxels-5E0000",
			"from": [ 7, -7, 10 ],
			"to": [ 8, -5, 11 ],
			"faces": {
				"down": { "uv": [ 2.48, 0.4799995, 3.52, 1.52 ], "texture": "#mesh_palette" },
				"up": { "uv": [ 2.48, 0.4799995, 3.52, 1.52 ], "texture": "#mesh_palette" },
				"north": { "uv": [ 2.48, 0.4799995, 3.52, 1.52 ], "texture": "#mesh_palette" },
				"south": { "uv": [ 2.48, 0.4799995, 3.52, 1.52 ], "texture": "#mesh_palette" },
				"west": { "uv": [ 2.48, 0.4799995, 3.52, 1.52 ], "texture": "#mesh_palette" },
				"east": { "uv": [ 2.48, 0.4799995, 3.52, 1.52 ], "texture": "#mesh_palette" }
			}
		},
		{
			"__comment": "Voxels-5E0000",
			"from": [ 7, -5, 5 ],
			"to": [ 8, -2, 6 ],
			"faces": {
				"down": { "uv": [ 2.48, 0.4799995, 3.52, 1.52 ], "texture": "#mesh_palette" },
				"up": { "uv": [ 2.48, 0.4799995, 3.52, 1.52 ], "texture": "#mesh_palette" },
				"north": { "uv": [ 2.48, 0.4799995, 3.52, 1.52 ], "texture": "#mesh_palette" },
				"south": { "uv": [ 2.48, 0.4799995, 3.52, 1.52 ], "texture": "#mesh_palette" },
				"west": { "uv": [ 2.48, 0.4799995, 3.52, 1.52 ], "texture": "#mesh_palette" },
				"east": { "uv": [ 2.48, 0.4799995, 3.52, 1.52 ], "texture": "#mesh_palette" }
			}
		},
		{
			"__comment": "Voxels-5E0000",
			"from": [ 7, -5, 11 ],
			"to": [ 8, -2, 12 ],
			"faces": {
				"down": { "uv": [ 2.48, 0.4799995, 3.52, 1.52 ], "texture": "#mesh_palette" },
				"up": { "uv": [ 2.48, 0.4799995, 3.52, 1.52 ], "texture": "#mesh_palette" },
				"north": { "uv": [ 2.48, 0.4799995, 3.52, 1.52 ], "texture": "#mesh_palette" },
				"south": { "uv": [ 2.48, 0.4799995, 3.52, 1.52 ], "texture": "#mesh_palette" },
				"west": { "uv": [ 2.48, 0.4799995, 3.52, 1.52 ], "texture": "#mesh_palette" },
				"east": { "uv": [ 2.48, 0.4799995, 3.52, 1.52 ], "texture": "#mesh_palette" }
			}
		},
		{
			"__comment": "Voxels-440000",
			"from": [ 7, -4, 7 ],
			"to": [ 8, -2, 8 ],
			"faces": {
				"down": { "uv": [ 6.48, 0.4799995, 7.52, 1.52 ], "texture": "#mesh_palette" },
				"up": { "uv": [ 6.48, 0.4799995, 7.52, 1.52 ], "texture": "#mesh_palette" },
				"north": { "uv": [ 6.48, 0.4799995, 7.52, 1.52 ], "texture": "#mesh_palette" },
				"south": { "uv": [ 6.48, 0.4799995, 7.52, 1.52 ], "texture": "#mesh_palette" },
				"west": { "uv": [ 6.48, 0.4799995, 7.52, 1.52 ], "texture": "#mesh_palette" },
				"east": { "uv": [ 6.48, 0.4799995, 7.52, 1.52 ], "texture": "#mesh_palette" }
			}
		},
		{
			"__comment": "Voxels-440000",
			"from": [ 7, -4, 9 ],
			"to": [ 8, -2, 10 ],
			"faces": {
				"down": { "uv": [ 6.48, 0.4799995, 7.52, 1.52 ], "texture": "#mesh_palette" },
				"up": { "uv": [ 6.48, 0.4799995, 7.52, 1.52 ], "texture": "#mesh_palette" },
				"north": { "uv": [ 6.48, 0.4799995, 7.52, 1.52 ], "texture": "#mesh_palette" },
				"south": { "uv": [ 6.48, 0.4799995, 7.52, 1.52 ], "texture": "#mesh_palette" },
				"west": { "uv": [ 6.48, 0.4799995, 7.52, 1.52 ], "texture": "#mesh_palette" },
				"east": { "uv": [ 6.48, 0.4799995, 7.52, 1.52 ], "texture": "#mesh_palette" }
			}
		},
		{
			"__comment": "Voxels-300C00",
			"from": [ 7, -2, 7 ],
			"to": [ 8, -1, 8 ],
			"faces": {
				"down": { "uv": [ 8.48, 0.4799995, 9.52, 1.52 ], "texture": "#mesh_palette" },
				"up": { "uv": [ 8.48, 0.4799995, 9.52, 1.52 ], "texture": "#mesh_palette" },
				"north": { "uv": [ 8.48, 0.4799995, 9.52, 1.52 ], "texture": "#mesh_palette" },
				"south": { "uv": [ 8.48, 0.4799995, 9.52, 1.52 ], "texture": "#mesh_palette" },
				"west": { "uv": [ 8.48, 0.4799995, 9.52, 1.52 ], "texture": "#mesh_palette" },
				"east": { "uv": [ 8.48, 0.4799995, 9.52, 1.52 ], "texture": "#mesh_palette" }
			}
		},
		{
			"__comment": "Voxels-000000",
			"from": [ 7, -2, 8 ],
			"to": [ 8, -1, 9 ],
			"faces": {
				"down": { "uv": [ 14.48, 0.4799995, 15.52, 1.52 ], "texture": "#mesh_palette" },
				"up": { "uv": [ 14.48, 0.4799995, 15.52, 1.52 ], "texture": "#mesh_palette" },
				"north": { "uv": [ 14.48, 0.4799995, 15.52, 1.52 ], "texture": "#mesh_palette" },
				"south": { "uv": [ 14.48, 0.4799995, 15.52, 1.52 ], "texture": "#mesh_palette" },
				"west": { "uv": [ 14.48, 0.4799995, 15.52, 1.52 ], "texture": "#mesh_palette" },
				"east": { "uv": [ 14.48, 0.4799995, 15.52, 1.52 ], "texture": "#mesh_palette" }
			}
		},
		{
			"__comment": "Voxels-300C00",
			"from": [ 7, -2, 9 ],
			"to": [ 8, -1, 10 ],
			"faces": {
				"down": { "uv": [ 8.48, 0.4799995, 9.52, 1.52 ], "texture": "#mesh_palette" },
				"up": { "uv": [ 8.48, 0.4799995, 9.52, 1.52 ], "texture": "#mesh_palette" },
				"north": { "uv": [ 8.48, 0.4799995, 9.52, 1.52 ], "texture": "#mesh_palette" },
				"south": { "uv": [ 8.48, 0.4799995, 9.52, 1.52 ], "texture": "#mesh_palette" },
				"west": { "uv": [ 8.48, 0.4799995, 9.52, 1.52 ], "texture": "#mesh_palette" },
				"east": { "uv": [ 8.48, 0.4799995, 9.52, 1.52 ], "texture": "#mesh_palette" }
			}
		},
		{
			"__comment": "Voxels-080808",
			"from": [ 7, -1, 8 ],
			"to": [ 8, 1, 9 ],
			"faces": {
				"down": { "uv": [ 2.48, 2.48, 3.52, 3.52 ], "texture": "#mesh_palette" },
				"up": { "uv": [ 2.48, 2.48, 3.52, 3.52 ], "texture": "#mesh_palette" },
				"north": { "uv": [ 2.48, 2.48, 3.52, 3.52 ], "texture": "#mesh_palette" },
				"south": { "uv": [ 2.48, 2.48, 3.52, 3.52 ], "texture": "#mesh_palette" },
				"west": { "uv": [ 2.48, 2.48, 3.52, 3.52 ], "texture": "#mesh_palette" },
				"east": { "uv": [ 2.48, 2.48, 3.52, 3.52 ], "texture": "#mesh_palette" }
			}
		},
		{
			"__comment": "Voxels-300C00",
			"from": [ 7, 0, 7 ],
			"to": [ 8, 2, 8 ],
			"faces": {
				"down": { "uv": [ 8.48, 0.4799995, 9.52, 1.52 ], "texture": "#mesh_palette" },
				"up": { "uv": [ 8.48, 0.4799995, 9.52, 1.52 ], "texture": "#mesh_palette" },
				"north": { "uv": [ 8.48, 0.4799995, 9.52, 1.52 ], "texture": "#mesh_palette" },
				"south": { "uv": [ 8.48, 0.4799995, 9.52, 1.52 ], "texture": "#mesh_palette" },
				"west": { "uv": [ 8.48, 0.4799995, 9.52, 1.52 ], "texture": "#mesh_palette" },
				"east": { "uv": [ 8.48, 0.4799995, 9.52, 1.52 ], "texture": "#mesh_palette" }
			}
		},
		{
			"__comment": "Voxels-300C00",
			"from": [ 7, 0, 9 ],
			"to": [ 8, 2, 10 ],
			"faces": {
				"down": { "uv": [ 8.48, 0.4799995, 9.52, 1.52 ], "texture": "#mesh_palette" },
				"up": { "uv": [ 8.48, 0.4799995, 9.52, 1.52 ], "texture": "#mesh_palette" },
				"north": { "uv": [ 8.48, 0.4799995, 9.52, 1.52 ], "texture": "#mesh_palette" },
				"south": { "uv": [ 8.48, 0.4799995, 9.52, 1.52 ], "texture": "#mesh_palette" },
				"west": { "uv": [ 8.48, 0.4799995, 9.52, 1.52 ], "texture": "#mesh_palette" },
				"east": { "uv": [ 8.48, 0.4799995, 9.52, 1.52 ], "texture": "#mesh_palette" }
			}
		},
		{
			"__comment": "Voxels-0D0D0D",
			"from": [ 7, 1, 8 ],
			"to": [ 8, 2, 9 ],
			"faces": {
				"down": { "uv": [ 12.48, 2.48, 13.52, 3.52 ], "texture": "#mesh_palette" },
				"up": { "uv": [ 12.48, 2.48, 13.52, 3.52 ], "texture": "#mesh_palette" },
				"north": { "uv": [ 12.48, 2.48, 13.52, 3.52 ], "texture": "#mesh_palette" },
				"south": { "uv": [ 12.48, 2.48, 13.52, 3.52 ], "texture": "#mesh_palette" },
				"west": { "uv": [ 12.48, 2.48, 13.52, 3.52 ], "texture": "#mesh_palette" },
				"east": { "uv": [ 12.48, 2.48, 13.52, 3.52 ], "texture": "#mesh_palette" }
			}
		},
		{
			"__comment": "Voxels-0B0B0B",
			"from": [ 7, 2, 8 ],
			"to": [ 8, 3, 9 ],
			"faces": {
				"down": { "uv": [ 14.48, 2.48, 15.52, 3.52 ], "texture": "#mesh_palette" },
				"up": { "uv": [ 14.48, 2.48, 15.52, 3.52 ], "texture": "#mesh_palette" },
				"north": { "uv": [ 14.48, 2.48, 15.52, 3.52 ], "texture": "#mesh_palette" },
				"south": { "uv": [ 14.48, 2.48, 15.52, 3.52 ], "texture": "#mesh_palette" },
				"west": { "uv": [ 14.48, 2.48, 15.52, 3.52 ], "texture": "#mesh_palette" },
				"east": { "uv": [ 14.48, 2.48, 15.52, 3.52 ], "texture": "#mesh_palette" }
			}
		},
		{
			"__comment": "Voxels-FFC5C5",
			"from": [ 7, 3, 7 ],
			"to": [ 8, 4, 8 ],
			"faces": {
				"down": { "uv": [ 4.48, 2.48, 5.52, 3.52 ], "texture": "#mesh_palette" },
				"up": { "uv": [ 4.48, 2.48, 5.52, 3.52 ], "texture": "#mesh_palette" },
				"north": { "uv": [ 4.48, 2.48, 5.52, 3.52 ], "texture": "#mesh_palette" },
				"south": { "uv": [ 4.48, 2.48, 5.52, 3.52 ], "texture": "#mesh_palette" },
				"west": { "uv": [ 4.48, 2.48, 5.52, 3.52 ], "texture": "#mesh_palette" },
				"east": { "uv": [ 4.48, 2.48, 5.52, 3.52 ], "texture": "#mesh_palette" }
			}
		},
		{
			"__comment": "Voxels-FFC5C5",
			"from": [ 7, 3, 9 ],
			"to": [ 8, 4, 10 ],
			"faces": {
				"down": { "uv": [ 4.48, 2.48, 5.52, 3.52 ], "texture": "#mesh_palette" },
				"up": { "uv": [ 4.48, 2.48, 5.52, 3.52 ], "texture": "#mesh_palette" },
				"north": { "uv": [ 4.48, 2.48, 5.52, 3.52 ], "texture": "#mesh_palette" },
				"south": { "uv": [ 4.48, 2.48, 5.52, 3.52 ], "texture": "#mesh_palette" },
				"west": { "uv": [ 4.48, 2.48, 5.52, 3.52 ], "texture": "#mesh_palette" },
				"east": { "uv": [ 4.48, 2.48, 5.52, 3.52 ], "texture": "#mesh_palette" }
			}
		},
		{
			"__comment": "Voxels-050505",
			"from": [ 7, 4, 8 ],
			"to": [ 8, 5, 9 ],
			"faces": {
				"down": { "uv": [ 0.48, 4.48, 1.52, 5.52 ], "texture": "#mesh_palette" },
				"up": { "uv": [ 0.48, 4.48, 1.52, 5.52 ], "texture": "#mesh_palette" },
				"north": { "uv": [ 0.48, 4.48, 1.52, 5.52 ], "texture": "#mesh_palette" },
				"south": { "uv": [ 0.48, 4.48, 1.52, 5.52 ], "texture": "#mesh_palette" },
				"west": { "uv": [ 0.48, 4.48, 1.52, 5.52 ], "texture": "#mesh_palette" },
				"east": { "uv": [ 0.48, 4.48, 1.52, 5.52 ], "texture": "#mesh_palette" }
			}
		},
		{
			"__comment": "Voxels-000000",
			"from": [ 7, 5, 8 ],
			"to": [ 8, 6, 9 ],
			"faces": {
				"down": { "uv": [ 14.48, 0.4799995, 15.52, 1.52 ], "texture": "#mesh_palette" },
				"up": { "uv": [ 14.48, 0.4799995, 15.52, 1.52 ], "texture": "#mesh_palette" },
				"north": { "uv": [ 14.48, 0.4799995, 15.52, 1.52 ], "texture": "#mesh_palette" },
				"south": { "uv": [ 14.48, 0.4799995, 15.52, 1.52 ], "texture": "#mesh_palette" },
				"west": { "uv": [ 14.48, 0.4799995, 15.52, 1.52 ], "texture": "#mesh_palette" },
				"east": { "uv": [ 14.48, 0.4799995, 15.52, 1.52 ], "texture": "#mesh_palette" }
			}
		},
		{
			"__comment": "Voxels-040404",
			"from": [ 7, 6, 8 ],
			"to": [ 8, 7, 9 ],
			"faces": {
				"down": { "uv": [ 2.48, 4.48, 3.52, 5.52 ], "texture": "#mesh_palette" },
				"up": { "uv": [ 2.48, 4.48, 3.52, 5.52 ], "texture": "#mesh_palette" },
				"north": { "uv": [ 2.48, 4.48, 3.52, 5.52 ], "texture": "#mesh_palette" },
				"south": { "uv": [ 2.48, 4.48, 3.52, 5.52 ], "texture": "#mesh_palette" },
				"west": { "uv": [ 2.48, 4.48, 3.52, 5.52 ], "texture": "#mesh_palette" },
				"east": { "uv": [ 2.48, 4.48, 3.52, 5.52 ], "texture": "#mesh_palette" }
			}
		},
		{
			"__comment": "Voxels-080808",
			"from": [ 7, 7, 8 ],
			"to": [ 8, 8, 9 ],
			"faces": {
				"down": { "uv": [ 2.48, 2.48, 3.52, 3.52 ], "texture": "#mesh_palette" },
				"up": { "uv": [ 2.48, 2.48, 3.52, 3.52 ], "texture": "#mesh_palette" },
				"north": { "uv": [ 2.48, 2.48, 3.52, 3.52 ], "texture": "#mesh_palette" },
				"south": { "uv": [ 2.48, 2.48, 3.52, 3.52 ], "texture": "#mesh_palette" },
				"west": { "uv": [ 2.48, 2.48, 3.52, 3.52 ], "texture": "#mesh_palette" },
				"east": { "uv": [ 2.48, 2.48, 3.52, 3.52 ], "texture": "#mesh_palette" }
			}
		},
		{
			"__comment": "Voxels-070707",
			"from": [ 7, 8, 8 ],
			"to": [ 8, 9, 9 ],
			"faces": {
				"down": { "uv": [ 4.48, 4.48, 5.52, 5.52 ], "texture": "#mesh_palette" },
				"up": { "uv": [ 4.48, 4.48, 5.52, 5.52 ], "texture": "#mesh_palette" },
				"north": { "uv": [ 4.48, 4.48, 5.52, 5.52 ], "texture": "#mesh_palette" },
				"south": { "uv": [ 4.48, 4.48, 5.52, 5.52 ], "texture": "#mesh_palette" },
				"west": { "uv": [ 4.48, 4.48, 5.52, 5.52 ], "texture": "#mesh_palette" },
				"east": { "uv": [ 4.48, 4.48, 5.52, 5.52 ], "texture": "#mesh_palette" }
			}
		},
		{
			"__comment": "Voxels-0F0F0F",
			"from": [ 7, 9, 8 ],
			"to": [ 8, 10, 9 ],
			"faces": {
				"down": { "uv": [ 0.48, 2.48, 1.52, 3.52 ], "texture": "#mesh_palette" },
				"up": { "uv": [ 0.48, 2.48, 1.52, 3.52 ], "texture": "#mesh_palette" },
				"north": { "uv": [ 0.48, 2.48, 1.52, 3.52 ], "texture": "#mesh_palette" },
				"south": { "uv": [ 0.48, 2.48, 1.52, 3.52 ], "texture": "#mesh_palette" },
				"west": { "uv": [ 0.48, 2.48, 1.52, 3.52 ], "texture": "#mesh_palette" },
				"east": { "uv": [ 0.48, 2.48, 1.52, 3.52 ], "texture": "#mesh_palette" }
			}
		},
		{
			"__comment": "Voxels-080808",
			"from": [ 7, 10, 8 ],
			"to": [ 8, 11, 9 ],
			"faces": {
				"down": { "uv": [ 2.48, 2.48, 3.52, 3.52 ], "texture": "#mesh_palette" },
				"up": { "uv": [ 2.48, 2.48, 3.52, 3.52 ], "texture": "#mesh_palette" },
				"north": { "uv": [ 2.48, 2.48, 3.52, 3.52 ], "texture": "#mesh_palette" },
				"south": { "uv": [ 2.48, 2.48, 3.52, 3.52 ], "texture": "#mesh_palette" },
				"west": { "uv": [ 2.48, 2.48, 3.52, 3.52 ], "texture": "#mesh_palette" },
				"east": { "uv": [ 2.48, 2.48, 3.52, 3.52 ], "texture": "#mesh_palette" }
			}
		},
		{
			"__comment": "Voxels-040404",
			"from": [ 7, 11, 8 ],
			"to": [ 8, 12, 9 ],
			"faces": {
				"down": { "uv": [ 2.48, 4.48, 3.52, 5.52 ], "texture": "#mesh_palette" },
				"up": { "uv": [ 2.48, 4.48, 3.52, 5.52 ], "texture": "#mesh_palette" },
				"north": { "uv": [ 2.48, 4.48, 3.52, 5.52 ], "texture": "#mesh_palette" },
				"south": { "uv": [ 2.48, 4.48, 3.52, 5.52 ], "texture": "#mesh_palette" },
				"west": { "uv": [ 2.48, 4.48, 3.52, 5.52 ], "texture": "#mesh_palette" },
				"east": { "uv": [ 2.48, 4.48, 3.52, 5.52 ], "texture": "#mesh_palette" }
			}
		},
		{
			"__comment": "Voxels-000000",
			"from": [ 7, 12, 8 ],
			"to": [ 8, 14, 9 ],
			"faces": {
				"down": { "uv": [ 14.48, 0.4799995, 15.52, 1.52 ], "texture": "#mesh_palette" },
				"up": { "uv": [ 14.48, 0.4799995, 15.52, 1.52 ], "texture": "#mesh_palette" },
				"north": { "uv": [ 14.48, 0.4799995, 15.52, 1.52 ], "texture": "#mesh_palette" },
				"south": { "uv": [ 14.48, 0.4799995, 15.52, 1.52 ], "texture": "#mesh_palette" },
				"west": { "uv": [ 14.48, 0.4799995, 15.52, 1.52 ], "texture": "#mesh_palette" },
				"east": { "uv": [ 14.48, 0.4799995, 15.52, 1.52 ], "texture": "#mesh_palette" }
			}
		},
		{
			"__comment": "Voxels-FFC5C5",
			"from": [ 7, 14, 7 ],
			"to": [ 8, 15, 8 ],
			"faces": {
				"down": { "uv": [ 4.48, 2.48, 5.52, 3.52 ], "texture": "#mesh_palette" },
				"up": { "uv": [ 4.48, 2.48, 5.52, 3.52 ], "texture": "#mesh_palette" },
				"north": { "uv": [ 4.48, 2.48, 5.52, 3.52 ], "texture": "#mesh_palette" },
				"south": { "uv": [ 4.48, 2.48, 5.52, 3.52 ], "texture": "#mesh_palette" },
				"west": { "uv": [ 4.48, 2.48, 5.52, 3.52 ], "texture": "#mesh_palette" },
				"east": { "uv": [ 4.48, 2.48, 5.52, 3.52 ], "texture": "#mesh_palette" }
			}
		},
		{
			"__comment": "Voxels-FFC5C5",
			"from": [ 7, 14, 9 ],
			"to": [ 8, 15, 10 ],
			"faces": {
				"down": { "uv": [ 4.48, 2.48, 5.52, 3.52 ], "texture": "#mesh_palette" },
				"up": { "uv": [ 4.48, 2.48, 5.52, 3.52 ], "texture": "#mesh_palette" },
				"north": { "uv": [ 4.48, 2.48, 5.52, 3.52 ], "texture": "#mesh_palette" },
				"south": { "uv": [ 4.48, 2.48, 5.52, 3.52 ], "texture": "#mesh_palette" },
				"west": { "uv": [ 4.48, 2.48, 5.52, 3.52 ], "texture": "#mesh_palette" },
				"east": { "uv": [ 4.48, 2.48, 5.52, 3.52 ], "texture": "#mesh_palette" }
			}
		},
		{
			"__comment": "Voxels-371307",
			"from": [ 7, 15, 7 ],
			"to": [ 8, 16, 8 ],
			"faces": {
				"down": { "uv": [ 6.48, 4.48, 7.52, 5.52 ], "texture": "#mesh_palette" },
				"up": { "uv": [ 6.48, 4.48, 7.52, 5.52 ], "texture": "#mesh_palette" },
				"north": { "uv": [ 6.48, 4.48, 7.52, 5.52 ], "texture": "#mesh_palette" },
				"south": { "uv": [ 6.48, 4.48, 7.52, 5.52 ], "texture": "#mesh_palette" },
				"west": { "uv": [ 6.48, 4.48, 7.52, 5.52 ], "texture": "#mesh_palette" },
				"east": { "uv": [ 6.48, 4.48, 7.52, 5.52 ], "texture": "#mesh_palette" }
			}
		},
		{
			"__comment": "Voxels-000000",
			"from": [ 7, 15, 8 ],
			"to": [ 8, 16, 9 ],
			"faces": {
				"down": { "uv": [ 14.48, 0.4799995, 15.52, 1.52 ], "texture": "#mesh_palette" },
				"up": { "uv": [ 14.48, 0.4799995, 15.52, 1.52 ], "texture": "#mesh_palette" },
				"north": { "uv": [ 14.48, 0.4799995, 15.52, 1.52 ], "texture": "#mesh_palette" },
				"south": { "uv": [ 14.48, 0.4799995, 15.52, 1.52 ], "texture": "#mesh_palette" },
				"west": { "uv": [ 14.48, 0.4799995, 15.52, 1.52 ], "texture": "#mesh_palette" },
				"east": { "uv": [ 14.48, 0.4799995, 15.52, 1.52 ], "texture": "#mesh_palette" }
			}
		},
		{
			"__comment": "Voxels-3B170B",
			"from": [ 7, 15, 9 ],
			"to": [ 8, 16, 10 ],
			"faces": {
				"down": { "uv": [ 8.48, 4.48, 9.52, 5.52 ], "texture": "#mesh_palette" },
				"up": { "uv": [ 8.48, 4.48, 9.52, 5.52 ], "texture": "#mesh_palette" },
				"north": { "uv": [ 8.48, 4.48, 9.52, 5.52 ], "texture": "#mesh_palette" },
				"south": { "uv": [ 8.48, 4.48, 9.52, 5.52 ], "texture": "#mesh_palette" },
				"west": { "uv": [ 8.48, 4.48, 9.52, 5.52 ], "texture": "#mesh_palette" },
				"east": { "uv": [ 8.48, 4.48, 9.52, 5.52 ], "texture": "#mesh_palette" }
			}
		},
		{
			"__comment": "Voxels-320E02",
			"from": [ 7, 16, 7 ],
			"to": [ 8, 17, 8 ],
			"faces": {
				"down": { "uv": [ 10.48, 6.48, 11.52, 7.52 ], "texture": "#mesh_palette" },
				"up": { "uv": [ 10.48, 6.48, 11.52, 7.52 ], "texture": "#mesh_palette" },
				"north": { "uv": [ 10.48, 6.48, 11.52, 7.52 ], "texture": "#mesh_palette" },
				"south": { "uv": [ 10.48, 6.48, 11.52, 7.52 ], "texture": "#mesh_palette" },
				"west": { "uv": [ 10.48, 6.48, 11.52, 7.52 ], "texture": "#mesh_palette" },
				"east": { "uv": [ 10.48, 6.48, 11.52, 7.52 ], "texture": "#mesh_palette" }
			}
		},
		{
			"__comment": "Voxels-2C0800",
			"from": [ 7, 16, 9 ],
			"to": [ 8, 17, 10 ],
			"faces": {
				"down": { "uv": [ 12.48, 6.48, 13.52, 7.52 ], "texture": "#mesh_palette" },
				"up": { "uv": [ 12.48, 6.48, 13.52, 7.52 ], "texture": "#mesh_palette" },
				"north": { "uv": [ 12.48, 6.48, 13.52, 7.52 ], "texture": "#mesh_palette" },
				"south": { "uv": [ 12.48, 6.48, 13.52, 7.52 ], "texture": "#mesh_palette" },
				"west": { "uv": [ 12.48, 6.48, 13.52, 7.52 ], "texture": "#mesh_palette" },
				"east": { "uv": [ 12.48, 6.48, 13.52, 7.52 ], "texture": "#mesh_palette" }
			}
		},
		{
			"__comment": "Voxels-2B0700",
			"from": [ 7, 17, 7 ],
			"to": [ 8, 18, 8 ],
			"faces": {
				"down": { "uv": [ 2.48, 8.48, 3.52, 9.52 ], "texture": "#mesh_palette" },
				"up": { "uv": [ 2.48, 8.48, 3.52, 9.52 ], "texture": "#mesh_palette" },
				"north": { "uv": [ 2.48, 8.48, 3.52, 9.52 ], "texture": "#mesh_palette" },
				"south": { "uv": [ 2.48, 8.48, 3.52, 9.52 ], "texture": "#mesh_palette" },
				"west": { "uv": [ 2.48, 8.48, 3.52, 9.52 ], "texture": "#mesh_palette" },
				"east": { "uv": [ 2.48, 8.48, 3.52, 9.52 ], "texture": "#mesh_palette" }
			}
		},
		{
			"__comment": "Voxels-000000",
			"from": [ 7, 17, 8 ],
			"to": [ 8, 18, 9 ],
			"faces": {
				"down": { "uv": [ 14.48, 0.4799995, 15.52, 1.52 ], "texture": "#mesh_palette" },
				"up": { "uv": [ 14.48, 0.4799995, 15.52, 1.52 ], "texture": "#mesh_palette" },
				"north": { "uv": [ 14.48, 0.4799995, 15.52, 1.52 ], "texture": "#mesh_palette" },
				"south": { "uv": [ 14.48, 0.4799995, 15.52, 1.52 ], "texture": "#mesh_palette" },
				"west": { "uv": [ 14.48, 0.4799995, 15.52, 1.52 ], "texture": "#mesh_palette" },
				"east": { "uv": [ 14.48, 0.4799995, 15.52, 1.52 ], "texture": "#mesh_palette" }
			}
		},
		{
			"__comment": "Voxels-330F03",
			"from": [ 7, 17, 9 ],
			"to": [ 8, 18, 10 ],
			"faces": {
				"down": { "uv": [ 12.48, 4.48, 13.52, 5.52 ], "texture": "#mesh_palette" },
				"up": { "uv": [ 12.48, 4.48, 13.52, 5.52 ], "texture": "#mesh_palette" },
				"north": { "uv": [ 12.48, 4.48, 13.52, 5.52 ], "texture": "#mesh_palette" },
				"south": { "uv": [ 12.48, 4.48, 13.52, 5.52 ], "texture": "#mesh_palette" },
				"west": { "uv": [ 12.48, 4.48, 13.52, 5.52 ], "texture": "#mesh_palette" },
				"east": { "uv": [ 12.48, 4.48, 13.52, 5.52 ], "texture": "#mesh_palette" }
			}
		},
		{
			"__comment": "Voxels-260200",
			"from": [ 7, 18, 6 ],
			"to": [ 8, 19, 7 ],
			"faces": {
				"down": { "uv": [ 4.48, 8.48, 5.52, 9.52 ], "texture": "#mesh_palette" },
				"up": { "uv": [ 4.48, 8.48, 5.52, 9.52 ], "texture": "#mesh_palette" },
				"north": { "uv": [ 4.48, 8.48, 5.52, 9.52 ], "texture": "#mesh_palette" },
				"south": { "uv": [ 4.48, 8.48, 5.52, 9.52 ], "texture": "#mesh_palette" },
				"west": { "uv": [ 4.48, 8.48, 5.52, 9.52 ], "texture": "#mesh_palette" },
				"east": { "uv": [ 4.48, 8.48, 5.52, 9.52 ], "texture": "#mesh_palette" }
			}
		},
		{
			"__comment": "Voxels-351105",
			"from": [ 7, 18, 7 ],
			"to": [ 8, 19, 8 ],
			"faces": {
				"down": { "uv": [ 8.48, 6.48, 9.52, 7.52 ], "texture": "#mesh_palette" },
				"up": { "uv": [ 8.48, 6.48, 9.52, 7.52 ], "texture": "#mesh_palette" },
				"north": { "uv": [ 8.48, 6.48, 9.52, 7.52 ], "texture": "#mesh_palette" },
				"south": { "uv": [ 8.48, 6.48, 9.52, 7.52 ], "texture": "#mesh_palette" },
				"west": { "uv": [ 8.48, 6.48, 9.52, 7.52 ], "texture": "#mesh_palette" },
				"east": { "uv": [ 8.48, 6.48, 9.52, 7.52 ], "texture": "#mesh_palette" }
			}
		},
		{
			"__comment": "Voxels-230000",
			"from": [ 7, 18, 9 ],
			"to": [ 8, 19, 10 ],
			"faces": {
				"down": { "uv": [ 6.48, 8.48, 7.52, 9.52 ], "texture": "#mesh_palette" },
				"up": { "uv": [ 6.48, 8.48, 7.52, 9.52 ], "texture": "#mesh_palette" },
				"north": { "uv": [ 6.48, 8.48, 7.52, 9.52 ], "texture": "#mesh_palette" },
				"south": { "uv": [ 6.48, 8.48, 7.52, 9.52 ], "texture": "#mesh_palette" },
				"west": { "uv": [ 6.48, 8.48, 7.52, 9.52 ], "texture": "#mesh_palette" },
				"east": { "uv": [ 6.48, 8.48, 7.52, 9.52 ], "texture": "#mesh_palette" }
			}
		},
		{
			"__comment": "Voxels-3D190D",
			"from": [ 7, 18, 10 ],
			"to": [ 8, 19, 11 ],
			"faces": {
				"down": { "uv": [ 8.48, 8.48, 9.52, 9.52 ], "texture": "#mesh_palette" },
				"up": { "uv": [ 8.48, 8.48, 9.52, 9.52 ], "texture": "#mesh_palette" },
				"north": { "uv": [ 8.48, 8.48, 9.52, 9.52 ], "texture": "#mesh_palette" },
				"south": { "uv": [ 8.48, 8.48, 9.52, 9.52 ], "texture": "#mesh_palette" },
				"west": { "uv": [ 8.48, 8.48, 9.52, 9.52 ], "texture": "#mesh_palette" },
				"east": { "uv": [ 8.48, 8.48, 9.52, 9.52 ], "texture": "#mesh_palette" }
			}
		},
		{
			"__comment": "Voxels-391509",
			"from": [ 7, 19, 5 ],
			"to": [ 8, 20, 6 ],
			"faces": {
				"down": { "uv": [ 10.48, 8.48, 11.52, 9.52 ], "texture": "#mesh_palette" },
				"up": { "uv": [ 10.48, 8.48, 11.52, 9.52 ], "texture": "#mesh_palette" },
				"north": { "uv": [ 10.48, 8.48, 11.52, 9.52 ], "texture": "#mesh_palette" },
				"south": { "uv": [ 10.48, 8.48, 11.52, 9.52 ], "texture": "#mesh_palette" },
				"west": { "uv": [ 10.48, 8.48, 11.52, 9.52 ], "texture": "#mesh_palette" },
				"east": { "uv": [ 10.48, 8.48, 11.52, 9.52 ], "texture": "#mesh_palette" }
			}
		},
		{
			"__comment": "Voxels-2F0B00",
			"from": [ 7, 19, 7 ],
			"to": [ 8, 20, 8 ],
			"faces": {
				"down": { "uv": [ 0.48, 6.48, 1.52, 7.52 ], "texture": "#mesh_palette" },
				"up": { "uv": [ 0.48, 6.48, 1.52, 7.52 ], "texture": "#mesh_palette" },
				"north": { "uv": [ 0.48, 6.48, 1.52, 7.52 ], "texture": "#mesh_palette" },
				"south": { "uv": [ 0.48, 6.48, 1.52, 7.52 ], "texture": "#mesh_palette" },
				"west": { "uv": [ 0.48, 6.48, 1.52, 7.52 ], "texture": "#mesh_palette" },
				"east": { "uv": [ 0.48, 6.48, 1.52, 7.52 ], "texture": "#mesh_palette" }
			}
		},
		{
			"__comment": "Voxels-3E1A0E",
			"from": [ 7, 19, 9 ],
			"to": [ 8, 20, 10 ],
			"faces": {
				"down": { "uv": [ 0.48, 8.48, 1.52, 9.52 ], "texture": "#mesh_palette" },
				"up": { "uv": [ 0.48, 8.48, 1.52, 9.52 ], "texture": "#mesh_palette" },
				"north": { "uv": [ 0.48, 8.48, 1.52, 9.52 ], "texture": "#mesh_palette" },
				"south": { "uv": [ 0.48, 8.48, 1.52, 9.52 ], "texture": "#mesh_palette" },
				"west": { "uv": [ 0.48, 8.48, 1.52, 9.52 ], "texture": "#mesh_palette" },
				"east": { "uv": [ 0.48, 8.48, 1.52, 9.52 ], "texture": "#mesh_palette" }
			}
		},
		{
			"__comment": "Voxels-220000",
			"from": [ 7, 19, 11 ],
			"to": [ 8, 20, 12 ],
			"faces": {
				"down": { "uv": [ 12.48, 8.48, 13.52, 9.52 ], "texture": "#mesh_palette" },
				"up": { "uv": [ 12.48, 8.48, 13.52, 9.52 ], "texture": "#mesh_palette" },
				"north": { "uv": [ 12.48, 8.48, 13.52, 9.52 ], "texture": "#mesh_palette" },
				"south": { "uv": [ 12.48, 8.48, 13.52, 9.52 ], "texture": "#mesh_palette" },
				"west": { "uv": [ 12.48, 8.48, 13.52, 9.52 ], "texture": "#mesh_palette" },
				"east": { "uv": [ 12.48, 8.48, 13.52, 9.52 ], "texture": "#mesh_palette" }
			}
		},
		{
			"__comment": "Voxels-240000",
			"from": [ 7, 20, 5 ],
			"to": [ 8, 21, 6 ],
			"faces": {
				"down": { "uv": [ 10.48, 2.48, 11.52, 3.52 ], "texture": "#mesh_palette" },
				"up": { "uv": [ 10.48, 2.48, 11.52, 3.52 ], "texture": "#mesh_palette" },
				"north": { "uv": [ 10.48, 2.48, 11.52, 3.52 ], "texture": "#mesh_palette" },
				"south": { "uv": [ 10.48, 2.48, 11.52, 3.52 ], "texture": "#mesh_palette" },
				"west": { "uv": [ 10.48, 2.48, 11.52, 3.52 ], "texture": "#mesh_palette" },
				"east": { "uv": [ 10.48, 2.48, 11.52, 3.52 ], "texture": "#mesh_palette" }
			}
		},
		{
			"__comment": "Voxels-2D0900",
			"from": [ 7, 20, 11 ],
			"to": [ 8, 21, 12 ],
			"faces": {
				"down": { "uv": [ 4.48, 6.48, 5.52, 7.52 ], "texture": "#mesh_palette" },
				"up": { "uv": [ 4.48, 6.48, 5.52, 7.52 ], "texture": "#mesh_palette" },
				"north": { "uv": [ 4.48, 6.48, 5.52, 7.52 ], "texture": "#mesh_palette" },
				"south": { "uv": [ 4.48, 6.48, 5.52, 7.52 ], "texture": "#mesh_palette" },
				"west": { "uv": [ 4.48, 6.48, 5.52, 7.52 ], "texture": "#mesh_palette" },
				"east": { "uv": [ 4.48, 6.48, 5.52, 7.52 ], "texture": "#mesh_palette" }
			}
		},
		{
			"__comment": "Voxels-260200",
			"from": [ 7, 21, 5 ],
			"to": [ 8, 22, 6 ],
			"faces": {
				"down": { "uv": [ 4.48, 8.48, 5.52, 9.52 ], "texture": "#mesh_palette" },
				"up": { "uv": [ 4.48, 8.48, 5.52, 9.52 ], "texture": "#mesh_palette" },
				"north": { "uv": [ 4.48, 8.48, 5.52, 9.52 ], "texture": "#mesh_palette" },
				"south": { "uv": [ 4.48, 8.48, 5.52, 9.52 ], "texture": "#mesh_palette" },
				"west": { "uv": [ 4.48, 8.48, 5.52, 9.52 ], "texture": "#mesh_palette" },
				"east": { "uv": [ 4.48, 8.48, 5.52, 9.52 ], "texture": "#mesh_palette" }
			}
		},
		{
			"__comment": "Voxels-220000",
			"from": [ 7, 21, 7 ],
			"to": [ 8, 22, 8 ],
			"faces": {
				"down": { "uv": [ 12.48, 8.48, 13.52, 9.52 ], "texture": "#mesh_palette" },
				"up": { "uv": [ 12.48, 8.48, 13.52, 9.52 ], "texture": "#mesh_palette" },
				"north": { "uv": [ 12.48, 8.48, 13.52, 9.52 ], "texture": "#mesh_palette" },
				"south": { "uv": [ 12.48, 8.48, 13.52, 9.52 ], "texture": "#mesh_palette" },
				"west": { "uv": [ 12.48, 8.48, 13.52, 9.52 ], "texture": "#mesh_palette" },
				"east": { "uv": [ 12.48, 8.48, 13.52, 9.52 ], "texture": "#mesh_palette" }
			}
		},
		{
			"__comment": "Voxels-341004",
			"from": [ 7, 21, 9 ],
			"to": [ 8, 22, 10 ],
			"faces": {
				"down": { "uv": [ 14.48, 8.48, 15.52, 9.52 ], "texture": "#mesh_palette" },
				"up": { "uv": [ 14.48, 8.48, 15.52, 9.52 ], "texture": "#mesh_palette" },
				"north": { "uv": [ 14.48, 8.48, 15.52, 9.52 ], "texture": "#mesh_palette" },
				"south": { "uv": [ 14.48, 8.48, 15.52, 9.52 ], "texture": "#mesh_palette" },
				"west": { "uv": [ 14.48, 8.48, 15.52, 9.52 ], "texture": "#mesh_palette" },
				"east": { "uv": [ 14.48, 8.48, 15.52, 9.52 ], "texture": "#mesh_palette" }
			}
		},
		{
			"__comment": "Voxels-341004",
			"from": [ 7, 21, 11 ],
			"to": [ 8, 22, 12 ],
			"faces": {
				"down": { "uv": [ 14.48, 8.48, 15.52, 9.52 ], "texture": "#mesh_palette" },
				"up": { "uv": [ 14.48, 8.48, 15.52, 9.52 ], "texture": "#mesh_palette" },
				"north": { "uv": [ 14.48, 8.48, 15.52, 9.52 ], "texture": "#mesh_palette" },
				"south": { "uv": [ 14.48, 8.48, 15.52, 9.52 ], "texture": "#mesh_palette" },
				"west": { "uv": [ 14.48, 8.48, 15.52, 9.52 ], "texture": "#mesh_palette" },
				"east": { "uv": [ 14.48, 8.48, 15.52, 9.52 ], "texture": "#mesh_palette" }
			}
		},
		{
			"__comment": "Voxels-381408",
			"from": [ 7, 22, 6 ],
			"to": [ 8, 23, 7 ],
			"faces": {
				"down": { "uv": [ 0.48, 10.48, 1.52, 11.52 ], "texture": "#mesh_palette" },
				"up": { "uv": [ 0.48, 10.48, 1.52, 11.52 ], "texture": "#mesh_palette" },
				"north": { "uv": [ 0.48, 10.48, 1.52, 11.52 ], "texture": "#mesh_palette" },
				"south": { "uv": [ 0.48, 10.48, 1.52, 11.52 ], "texture": "#mesh_palette" },
				"west": { "uv": [ 0.48, 10.48, 1.52, 11.52 ], "texture": "#mesh_palette" },
				"east": { "uv": [ 0.48, 10.48, 1.52, 11.52 ], "texture": "#mesh_palette" }
			}
		},
		{
			"__comment": "Voxels-2D0900",
			"from": [ 7, 22, 7 ],
			"to": [ 8, 23, 8 ],
			"faces": {
				"down": { "uv": [ 4.48, 6.48, 5.52, 7.52 ], "texture": "#mesh_palette" },
				"up": { "uv": [ 4.48, 6.48, 5.52, 7.52 ], "texture": "#mesh_palette" },
				"north": { "uv": [ 4.48, 6.48, 5.52, 7.52 ], "texture": "#mesh_palette" },
				"south": { "uv": [ 4.48, 6.48, 5.52, 7.52 ], "texture": "#mesh_palette" },
				"west": { "uv": [ 4.48, 6.48, 5.52, 7.52 ], "texture": "#mesh_palette" },
				"east": { "uv": [ 4.48, 6.48, 5.52, 7.52 ], "texture": "#mesh_palette" }
			}
		},
		{
			"__comment": "Voxels-220000",
			"from": [ 7, 22, 9 ],
			"to": [ 8, 23, 10 ],
			"faces": {
				"down": { "uv": [ 12.48, 8.48, 13.52, 9.52 ], "texture": "#mesh_palette" },
				"up": { "uv": [ 12.48, 8.48, 13.52, 9.52 ], "texture": "#mesh_palette" },
				"north": { "uv": [ 12.48, 8.48, 13.52, 9.52 ], "texture": "#mesh_palette" },
				"south": { "uv": [ 12.48, 8.48, 13.52, 9.52 ], "texture": "#mesh_palette" },
				"west": { "uv": [ 12.48, 8.48, 13.52, 9.52 ], "texture": "#mesh_palette" },
				"east": { "uv": [ 12.48, 8.48, 13.52, 9.52 ], "texture": "#mesh_palette" }
			}
		},
		{
			"__comment": "Voxels-210000",
			"from": [ 7, 22, 10 ],
			"to": [ 8, 23, 11 ],
			"faces": {
				"down": { "uv": [ 2.48, 10.48, 3.52, 11.52 ], "texture": "#mesh_palette" },
				"up": { "uv": [ 2.48, 10.48, 3.52, 11.52 ], "texture": "#mesh_palette" },
				"north": { "uv": [ 2.48, 10.48, 3.52, 11.52 ], "texture": "#mesh_palette" },
				"south": { "uv": [ 2.48, 10.48, 3.52, 11.52 ], "texture": "#mesh_palette" },
				"west": { "uv": [ 2.48, 10.48, 3.52, 11.52 ], "texture": "#mesh_palette" },
				"east": { "uv": [ 2.48, 10.48, 3.52, 11.52 ], "texture": "#mesh_palette" }
			}
		},
		{
			"__comment": "Voxels-2C0800",
			"from": [ 7, 23, 7 ],
			"to": [ 8, 24, 8 ],
			"faces": {
				"down": { "uv": [ 12.48, 6.48, 13.52, 7.52 ], "texture": "#mesh_palette" },
				"up": { "uv": [ 12.48, 6.48, 13.52, 7.52 ], "texture": "#mesh_palette" },
				"north": { "uv": [ 12.48, 6.48, 13.52, 7.52 ], "texture": "#mesh_palette" },
				"south": { "uv": [ 12.48, 6.48, 13.52, 7.52 ], "texture": "#mesh_palette" },
				"west": { "uv": [ 12.48, 6.48, 13.52, 7.52 ], "texture": "#mesh_palette" },
				"east": { "uv": [ 12.48, 6.48, 13.52, 7.52 ], "texture": "#mesh_palette" }
			}
		},
		{
			"__comment": "Voxels-200000",
			"from": [ 7, 23, 8 ],
			"to": [ 8, 24, 9 ],
			"faces": {
				"down": { "uv": [ 10.48, 4.48, 11.52, 5.52 ], "texture": "#mesh_palette" },
				"up": { "uv": [ 10.48, 4.48, 11.52, 5.52 ], "texture": "#mesh_palette" },
				"north": { "uv": [ 10.48, 4.48, 11.52, 5.52 ], "texture": "#mesh_palette" },
				"south": { "uv": [ 10.48, 4.48, 11.52, 5.52 ], "texture": "#mesh_palette" },
				"west": { "uv": [ 10.48, 4.48, 11.52, 5.52 ], "texture": "#mesh_palette" },
				"east": { "uv": [ 10.48, 4.48, 11.52, 5.52 ], "texture": "#mesh_palette" }
			}
		},
		{
			"__comment": "Voxels-240000",
			"from": [ 7, 23, 9 ],
			"to": [ 8, 24, 10 ],
			"faces": {
				"down": { "uv": [ 10.48, 2.48, 11.52, 3.52 ], "texture": "#mesh_palette" },
				"up": { "uv": [ 10.48, 2.48, 11.52, 3.52 ], "texture": "#mesh_palette" },
				"north": { "uv": [ 10.48, 2.48, 11.52, 3.52 ], "texture": "#mesh_palette" },
				"south": { "uv": [ 10.48, 2.48, 11.52, 3.52 ], "texture": "#mesh_palette" },
				"west": { "uv": [ 10.48, 2.48, 11.52, 3.52 ], "texture": "#mesh_palette" },
				"east": { "uv": [ 10.48, 2.48, 11.52, 3.52 ], "texture": "#mesh_palette" }
			}
		},
		{
			"__comment": "Voxels-300C00",
			"from": [ 8, -2, 8 ],
			"to": [ 9, 2, 9 ],
			"faces": {
				"down": { "uv": [ 8.48, 0.4799995, 9.52, 1.52 ], "texture": "#mesh_palette" },
				"up": { "uv": [ 8.48, 0.4799995, 9.52, 1.52 ], "texture": "#mesh_palette" },
				"north": { "uv": [ 8.48, 0.4799995, 9.52, 1.52 ], "texture": "#mesh_palette" },
				"south": { "uv": [ 8.48, 0.4799995, 9.52, 1.52 ], "texture": "#mesh_palette" },
				"west": { "uv": [ 8.48, 0.4799995, 9.52, 1.52 ], "texture": "#mesh_palette" },
				"east": { "uv": [ 8.48, 0.4799995, 9.52, 1.52 ], "texture": "#mesh_palette" }
			}
		},
		{
			"__comment": "Voxels-FFDADA",
			"from": [ 8, 6, 8 ],
			"to": [ 9, 8, 9 ],
			"faces": {
				"down": { "uv": [ 6.48, 2.48, 7.52, 3.52 ], "texture": "#mesh_palette" },
				"up": { "uv": [ 6.48, 2.48, 7.52, 3.52 ], "texture": "#mesh_palette" },
				"north": { "uv": [ 6.48, 2.48, 7.52, 3.52 ], "texture": "#mesh_palette" },
				"south": { "uv": [ 6.48, 2.48, 7.52, 3.52 ], "texture": "#mesh_palette" },
				"west": { "uv": [ 6.48, 2.48, 7.52, 3.52 ], "texture": "#mesh_palette" },
				"east": { "uv": [ 6.48, 2.48, 7.52, 3.52 ], "texture": "#mesh_palette" }
			}
		},
		{
			"__comment": "Voxels-FFDADA",
			"from": [ 8, 7, 7 ],
			"to": [ 9, 10, 8 ],
			"faces": {
				"down": { "uv": [ 6.48, 2.48, 7.52, 3.52 ], "texture": "#mesh_palette" },
				"up": { "uv": [ 6.48, 2.48, 7.52, 3.52 ], "texture": "#mesh_palette" },
				"north": { "uv": [ 6.48, 2.48, 7.52, 3.52 ], "texture": "#mesh_palette" },
				"south": { "uv": [ 6.48, 2.48, 7.52, 3.52 ], "texture": "#mesh_palette" },
				"west": { "uv": [ 6.48, 2.48, 7.52, 3.52 ], "texture": "#mesh_palette" },
				"east": { "uv": [ 6.48, 2.48, 7.52, 3.52 ], "texture": "#mesh_palette" }
			}
		},
		{
			"__comment": "Voxels-200000",
			"from": [ 8, 15, 7 ],
			"to": [ 9, 16, 8 ],
			"faces": {
				"down": { "uv": [ 10.48, 4.48, 11.52, 5.52 ], "texture": "#mesh_palette" },
				"up": { "uv": [ 10.48, 4.48, 11.52, 5.52 ], "texture": "#mesh_palette" },
				"north": { "uv": [ 10.48, 4.48, 11.52, 5.52 ], "texture": "#mesh_palette" },
				"south": { "uv": [ 10.48, 4.48, 11.52, 5.52 ], "texture": "#mesh_palette" },
				"west": { "uv": [ 10.48, 4.48, 11.52, 5.52 ], "texture": "#mesh_palette" },
				"east": { "uv": [ 10.48, 4.48, 11.52, 5.52 ], "texture": "#mesh_palette" }
			}
		},
		{
			"__comment": "Voxels-330F03",
			"from": [ 8, 15, 8 ],
			"to": [ 9, 16, 9 ],
			"faces": {
				"down": { "uv": [ 12.48, 4.48, 13.52, 5.52 ], "texture": "#mesh_palette" },
				"up": { "uv": [ 12.48, 4.48, 13.52, 5.52 ], "texture": "#mesh_palette" },
				"north": { "uv": [ 12.48, 4.48, 13.52, 5.52 ], "texture": "#mesh_palette" },
				"south": { "uv": [ 12.48, 4.48, 13.52, 5.52 ], "texture": "#mesh_palette" },
				"west": { "uv": [ 12.48, 4.48, 13.52, 5.52 ], "texture": "#mesh_palette" },
				"east": { "uv": [ 12.48, 4.48, 13.52, 5.52 ], "texture": "#mesh_palette" }
			}
		},
		{
			"__comment": "Voxels-371307",
			"from": [ 8, 15, 9 ],
			"to": [ 9, 16, 10 ],
			"faces": {
				"down": { "uv": [ 6.48, 4.48, 7.52, 5.52 ], "texture": "#mesh_palette" },
				"up": { "uv": [ 6.48, 4.48, 7.52, 5.52 ], "texture": "#mesh_palette" },
				"north": { "uv": [ 6.48, 4.48, 7.52, 5.52 ], "texture": "#mesh_palette" },
				"south": { "uv": [ 6.48, 4.48, 7.52, 5.52 ], "texture": "#mesh_palette" },
				"west": { "uv": [ 6.48, 4.48, 7.52, 5.52 ], "texture": "#mesh_palette" },
				"east": { "uv": [ 6.48, 4.48, 7.52, 5.52 ], "texture": "#mesh_palette" }
			}
		},
		{
			"__comment": "Voxels-3D190D",
			"from": [ 8, 16, 8 ],
			"to": [ 9, 17, 9 ],
			"faces": {
				"down": { "uv": [ 8.48, 8.48, 9.52, 9.52 ], "texture": "#mesh_palette" },
				"up": { "uv": [ 8.48, 8.48, 9.52, 9.52 ], "texture": "#mesh_palette" },
				"north": { "uv": [ 8.48, 8.48, 9.52, 9.52 ], "texture": "#mesh_palette" },
				"south": { "uv": [ 8.48, 8.48, 9.52, 9.52 ], "texture": "#mesh_palette" },
				"west": { "uv": [ 8.48, 8.48, 9.52, 9.52 ], "texture": "#mesh_palette" },
				"east": { "uv": [ 8.48, 8.48, 9.52, 9.52 ], "texture": "#mesh_palette" }
			}
		},
		{
			"__comment": "Voxels-310D01",
			"from": [ 8, 17, 8 ],
			"to": [ 9, 18, 9 ],
			"faces": {
				"down": { "uv": [ 4.48, 10.48, 5.52, 11.52 ], "texture": "#mesh_palette" },
				"up": { "uv": [ 4.48, 10.48, 5.52, 11.52 ], "texture": "#mesh_palette" },
				"north": { "uv": [ 4.48, 10.48, 5.52, 11.52 ], "texture": "#mesh_palette" },
				"south": { "uv": [ 4.48, 10.48, 5.52, 11.52 ], "texture": "#mesh_palette" },
				"west": { "uv": [ 4.48, 10.48, 5.52, 11.52 ], "texture": "#mesh_palette" },
				"east": { "uv": [ 4.48, 10.48, 5.52, 11.52 ], "texture": "#mesh_palette" }
			}
		},
		{
			"__comment": "Voxels-3F1B0F",
			"from": [ 8, 18, 7 ],
			"to": [ 9, 19, 8 ],
			"faces": {
				"down": { "uv": [ 14.48, 6.48, 15.52, 7.52 ], "texture": "#mesh_palette" },
				"up": { "uv": [ 14.48, 6.48, 15.52, 7.52 ], "texture": "#mesh_palette" },
				"north": { "uv": [ 14.48, 6.48, 15.52, 7.52 ], "texture": "#mesh_palette" },
				"south": { "uv": [ 14.48, 6.48, 15.52, 7.52 ], "texture": "#mesh_palette" },
				"west": { "uv": [ 14.48, 6.48, 15.52, 7.52 ], "texture": "#mesh_palette" },
				"east": { "uv": [ 14.48, 6.48, 15.52, 7.52 ], "texture": "#mesh_palette" }
			}
		},
		{
			"__comment": "Voxels-341004",
			"from": [ 8, 18, 8 ],
			"to": [ 9, 19, 9 ],
			"faces": {
				"down": { "uv": [ 14.48, 8.48, 15.52, 9.52 ], "texture": "#mesh_palette" },
				"up": { "uv": [ 14.48, 8.48, 15.52, 9.52 ], "texture": "#mesh_palette" },
				"north": { "uv": [ 14.48, 8.48, 15.52, 9.52 ], "texture": "#mesh_palette" },
				"south": { "uv": [ 14.48, 8.48, 15.52, 9.52 ], "texture": "#mesh_palette" },
				"west": { "uv": [ 14.48, 8.48, 15.52, 9.52 ], "texture": "#mesh_palette" },
				"east": { "uv": [ 14.48, 8.48, 15.52, 9.52 ], "texture": "#mesh_palette" }
			}
		},
		{
			"__comment": "Voxels-270300",
			"from": [ 8, 18, 9 ],
			"to": [ 9, 19, 10 ],
			"faces": {
				"down": { "uv": [ 6.48, 10.48, 7.52, 11.52 ], "texture": "#mesh_palette" },
				"up": { "uv": [ 6.48, 10.48, 7.52, 11.52 ], "texture": "#mesh_palette" },
				"north": { "uv": [ 6.48, 10.48, 7.52, 11.52 ], "texture": "#mesh_palette" },
				"south": { "uv": [ 6.48, 10.48, 7.52, 11.52 ], "texture": "#mesh_palette" },
				"west": { "uv": [ 6.48, 10.48, 7.52, 11.52 ], "texture": "#mesh_palette" },
				"east": { "uv": [ 6.48, 10.48, 7.52, 11.52 ], "texture": "#mesh_palette" }
			}
		},
		{
			"__comment": "Voxels-341004",
			"from": [ 8, 19, 6 ],
			"to": [ 9, 20, 7 ],
			"faces": {
				"down": { "uv": [ 14.48, 8.48, 15.52, 9.52 ], "texture": "#mesh_palette" },
				"up": { "uv": [ 14.48, 8.48, 15.52, 9.52 ], "texture": "#mesh_palette" },
				"north": { "uv": [ 14.48, 8.48, 15.52, 9.52 ], "texture": "#mesh_palette" },
				"south": { "uv": [ 14.48, 8.48, 15.52, 9.52 ], "texture": "#mesh_palette" },
				"west": { "uv": [ 14.48, 8.48, 15.52, 9.52 ], "texture": "#mesh_palette" },
				"east": { "uv": [ 14.48, 8.48, 15.52, 9.52 ], "texture": "#mesh_palette" }
			}
		},
		{
			"__comment": "Voxels-320E02",
			"from": [ 8, 19, 10 ],
			"to": [ 9, 20, 11 ],
			"faces": {
				"down": { "uv": [ 10.48, 6.48, 11.52, 7.52 ], "texture": "#mesh_palette" },
				"up": { "uv": [ 10.48, 6.48, 11.52, 7.52 ], "texture": "#mesh_palette" },
				"north": { "uv": [ 10.48, 6.48, 11.52, 7.52 ], "texture": "#mesh_palette" },
				"south": { "uv": [ 10.48, 6.48, 11.52, 7.52 ], "texture": "#mesh_palette" },
				"west": { "uv": [ 10.48, 6.48, 11.52, 7.52 ], "texture": "#mesh_palette" },
				"east": { "uv": [ 10.48, 6.48, 11.52, 7.52 ], "texture": "#mesh_palette" }
			}
		},
		{
			"__comment": "Voxels-300C00",
			"from": [ 8, 20, 6 ],
			"to": [ 9, 21, 7 ],
			"faces": {
				"down": { "uv": [ 8.48, 0.4799995, 9.52, 1.52 ], "texture": "#mesh_palette" },
				"up": { "uv": [ 8.48, 0.4799995, 9.52, 1.52 ], "texture": "#mesh_palette" },
				"north": { "uv": [ 8.48, 0.4799995, 9.52, 1.52 ], "texture": "#mesh_palette" },
				"south": { "uv": [ 8.48, 0.4799995, 9.52, 1.52 ], "texture": "#mesh_palette" },
				"west": { "uv": [ 8.48, 0.4799995, 9.52, 1.52 ], "texture": "#mesh_palette" },
				"east": { "uv": [ 8.48, 0.4799995, 9.52, 1.52 ], "texture": "#mesh_palette" }
			}
		},
		{
			"__comment": "Voxels-3E1A0E",
			"from": [ 8, 20, 10 ],
			"to": [ 9, 22, 11 ],
			"faces": {
				"down": { "uv": [ 0.48, 8.48, 1.52, 9.52 ], "texture": "#mesh_palette" },
				"up": { "uv": [ 0.48, 8.48, 1.52, 9.52 ], "texture": "#mesh_palette" },
				"north": { "uv": [ 0.48, 8.48, 1.52, 9.52 ], "texture": "#mesh_palette" },
				"south": { "uv": [ 0.48, 8.48, 1.52, 9.52 ], "texture": "#mesh_palette" },
				"west": { "uv": [ 0.48, 8.48, 1.52, 9.52 ], "texture": "#mesh_palette" },
				"east": { "uv": [ 0.48, 8.48, 1.52, 9.52 ], "texture": "#mesh_palette" }
			}
		},
		{
			"__comment": "Voxels-240000",
			"from": [ 8, 21, 6 ],
			"to": [ 9, 22, 7 ],
			"faces": {
				"down": { "uv": [ 10.48, 2.48, 11.52, 3.52 ], "texture": "#mesh_palette" },
				"up": { "uv": [ 10.48, 2.48, 11.52, 3.52 ], "texture": "#mesh_palette" },
				"north": { "uv": [ 10.48, 2.48, 11.52, 3.52 ], "texture": "#mesh_palette" },
				"south": { "uv": [ 10.48, 2.48, 11.52, 3.52 ], "texture": "#mesh_palette" },
				"west": { "uv": [ 10.48, 2.48, 11.52, 3.52 ], "texture": "#mesh_palette" },
				"east": { "uv": [ 10.48, 2.48, 11.52, 3.52 ], "texture": "#mesh_palette" }
			}
		},
		{
			"__comment": "Voxels-351105",
			"from": [ 8, 22, 7 ],
			"to": [ 9, 23, 8 ],
			"faces": {
				"down": { "uv": [ 8.48, 6.48, 9.52, 7.52 ], "texture": "#mesh_palette" },
				"up": { "uv": [ 8.48, 6.48, 9.52, 7.52 ], "texture": "#mesh_palette" },
				"north": { "uv": [ 8.48, 6.48, 9.52, 7.52 ], "texture": "#mesh_palette" },
				"south": { "uv": [ 8.48, 6.48, 9.52, 7.52 ], "texture": "#mesh_palette" },
				"west": { "uv": [ 8.48, 6.48, 9.52, 7.52 ], "texture": "#mesh_palette" },
				"east": { "uv": [ 8.48, 6.48, 9.52, 7.52 ], "texture": "#mesh_palette" }
			}
		},
		{
			"__comment": "Voxels-210000",
			"from": [ 8, 22, 8 ],
			"to": [ 9, 23, 10 ],
			"faces": {
				"down": { "uv": [ 2.48, 10.48, 3.52, 11.52 ], "texture": "#mesh_palette" },
				"up": { "uv": [ 2.48, 10.48, 3.52, 11.52 ], "texture": "#mesh_palette" },
				"north": { "uv": [ 2.48, 10.48, 3.52, 11.52 ], "texture": "#mesh_palette" },
				"south": { "uv": [ 2.48, 10.48, 3.52, 11.52 ], "texture": "#mesh_palette" },
				"west": { "uv": [ 2.48, 10.48, 3.52, 11.52 ], "texture": "#mesh_palette" },
				"east": { "uv": [ 2.48, 10.48, 3.52, 11.52 ], "texture": "#mesh_palette" }
			}
		},
		{
			"__comment": "Voxels-9B0000",
			"from": [ 9, -9, 8 ],
			"to": [ 10, -8, 9 ],
			"faces": {
				"down": { "uv": [ 4.48, 0.4799995, 5.52, 1.52 ], "texture": "#mesh_palette" },
				"up": { "uv": [ 4.48, 0.4799995, 5.52, 1.52 ], "texture": "#mesh_palette" },
				"north": { "uv": [ 4.48, 0.4799995, 5.52, 1.52 ], "texture": "#mesh_palette" },
				"south": { "uv": [ 4.48, 0.4799995, 5.52, 1.52 ], "texture": "#mesh_palette" },
				"west": { "uv": [ 4.48, 0.4799995, 5.52, 1.52 ], "texture": "#mesh_palette" },
				"east": { "uv": [ 4.48, 0.4799995, 5.52, 1.52 ], "texture": "#mesh_palette" }
			}
		},
		{
			"__comment": "Voxels-5E0000",
			"from": [ 9, -7, 8 ],
			"to": [ 10, -5, 9 ],
			"faces": {
				"down": { "uv": [ 2.48, 0.4799995, 3.52, 1.52 ], "texture": "#mesh_palette" },
				"up": { "uv": [ 2.48, 0.4799995, 3.52, 1.52 ], "texture": "#mesh_palette" },
				"north": { "uv": [ 2.48, 0.4799995, 3.52, 1.52 ], "texture": "#mesh_palette" },
				"south": { "uv": [ 2.48, 0.4799995, 3.52, 1.52 ], "texture": "#mesh_palette" },
				"west": { "uv": [ 2.48, 0.4799995, 3.52, 1.52 ], "texture": "#mesh_palette" },
				"east": { "uv": [ 2.48, 0.4799995, 3.52, 1.52 ], "texture": "#mesh_palette" }
			}
		},
		{
			"__comment": "Voxels-5E0000",
			"from": [ 10, -5, 8 ],
			"to": [ 11, -2, 9 ],
			"faces": {
				"down": { "uv": [ 2.48, 0.4799995, 3.52, 1.52 ], "texture": "#mesh_palette" },
				"up": { "uv": [ 2.48, 0.4799995, 3.52, 1.52 ], "texture": "#mesh_palette" },
				"north": { "uv": [ 2.48, 0.4799995, 3.52, 1.52 ], "texture": "#mesh_palette" },
				"south": { "uv": [ 2.48, 0.4799995, 3.52, 1.52 ], "texture": "#mesh_palette" },
				"west": { "uv": [ 2.48, 0.4799995, 3.52, 1.52 ], "texture": "#mesh_palette" },
				"east": { "uv": [ 2.48, 0.4799995, 3.52, 1.52 ], "texture": "#mesh_palette" }
			}
		}
	],
	"display": {
		"thirdperson_righthand": {
			"rotation":  [ 33, 6, 0 ],
			"translation":  [ 0.0003, -0.695, 0.6956 ],
			"scale":  [ 0.7, 0.77, 0.7 ]
		},
		"thirdperson_lefthand": {
			"rotation":  [ 33, 6, 0 ],
			"translation":  [ 0.0003, -0.695, 0.6956 ],
			"scale":  [ 0.7, 0.77, 0.7 ]
		},
		"firstperson_righthand": {
			"rotation":  [ 92, -13, -7 ],
			"translation":  [ 0, 0.6956, 0 ]
		},
		"firstperson_lefthand": {
			"rotation":  [ 92, -13, -7 ],
			"translation":  [ 0, 0.6956, 0 ]
		},
		"gui": {
			"rotation":  [ -74, -45, -63 ],
			"scale":  [ 0.5, 0.5, 0.5 ]
		},
		"head": {
			"rotation":  [ 85, -64, 0 ]
		},
		"ground": {
			"rotation":  [ 80, 0, 0 ],
			"translation":  [ 0, 1.3913, 0 ],
			"scale":  [ 0.5, 0.5, 0.5 ]
		},
		"fixed": {
			"rotation":  [ -25, -124, -26 ],
			"scale":  [ 0.5, 0.5, 0.5 ]
		}
	}
}
