{
"__comment": "Designed by Jey224 with BDcraft Cubik PRO 0.96 Beta - http://bdcraft.net",
"textures": {
    "abbydemon_basic_tex": "3dmobs/abbydemon_basic_tex"
},
"elements": [ 
{
    "from": [ 6, 4, 6 ],
    "to": [ 10, 6, 10 ],
    "faces": {
        "down":  { "uv": [ 10, 10, 6, 6 ], "texture": "#abbydemon_basic_tex" },
        "up":    { "uv": [ 6, 6, 10, 10 ], "texture": "#abbydemon_basic_tex" },
        "north": { "uv": [ 6, 10, 10, 12 ], "texture": "#abbydemon_basic_tex" },
        "south": { "uv": [ 6, 10, 10, 12 ], "texture": "#abbydemon_basic_tex" },
        "west":  { "uv": [ 6, 10, 10, 12 ], "texture": "#abbydemon_basic_tex" },
        "east":  { "uv": [ 6, 10, 10, 12 ], "texture": "#abbydemon_basic_tex" }
    }
},
{
    "from": [ 11, 5.5, 7.5 ],
    "to": [ 12, 10, 8.5 ],
    "rotation": { "origin": [ 11, 10, 7.5 ], "axis": "z", "angle": -22.5 },
    "faces": {
        "down":  { "uv": [ 6.5, 5, 5.5, 4 ], "texture": "#abbydemon_basic_tex" },
        "up":    { "uv": [ 9.5, 4, 10.5, 5 ], "texture": "#abbydemon_basic_tex" },
        "north": { "uv": [ 5.5, 6, 6.5, 10.5 ], "texture": "#abbydemon_basic_tex" },
        "south": { "uv": [ 9.5, 6, 10.5, 10.5 ], "texture": "#abbydemon_basic_tex" },
        "west":  { "uv": [ 4, 6, 5, 10.5 ], "texture": "#abbydemon_basic_tex" },
        "east":  { "uv": [ 11, 6, 12, 10.5 ], "texture": "#abbydemon_basic_tex" }
    }
},
{
    "from": [ 8.5, 10.5, 7.5 ],
    "to": [ 12, 11.5, 8.5 ],
    "rotation": { "origin": [ 8.5, 11.5, 7.5 ], "axis": "z", "angle": -22.5 },
    "faces": {
        "down":  { "uv": [ 7.5, 8.5, 4, 7.5 ], "texture": "#abbydemon_basic_tex" },
        "up":    { "uv": [ 8.5, 7.5, 12, 8.5 ], "texture": "#abbydemon_basic_tex" },
        "north": { "uv": [ 4, 5.5, 7.5, 6.5 ], "texture": "#abbydemon_basic_tex" },
        "south": { "uv": [ 8.5, 5.5, 12, 6.5 ], "texture": "#abbydemon_basic_tex" },
        "west":  { "uv": [ 7.5, 5.5, 8.5, 6.5 ], "texture": "#abbydemon_basic_tex" },
        "east":  { "uv": [ 7.5, 5.5, 8.5, 6.5 ], "texture": "#abbydemon_basic_tex" }
    }
},
{
    "from": [ 6, 11, 7 ],
    "to": [ 9.5, 13, 9 ],
    "faces": {
        "down":  { "uv": [ 10, 9, 6.5, 7 ], "texture": "#abbydemon_basic_tex" },
        "up":    { "uv": [ 6, 7, 9.5, 9 ], "texture": "#abbydemon_basic_tex" },
        "north": { "uv": [ 6.5, 3, 10, 5 ], "texture": "#abbydemon_basic_tex" },
        "south": { "uv": [ 6, 3, 9.5, 5 ], "texture": "#abbydemon_basic_tex" },
        "west":  { "uv": [ 7, 3, 9, 5 ], "texture": "#abbydemon_basic_tex" },
        "east":  { "uv": [ 7, 3, 9, 5 ], "texture": "#abbydemon_basic_tex" }
    }
},
{
    "from": [ 6, 5, 9 ],
    "to": [ 7, 6, 13 ],
    "rotation": { "origin": [ 6, 5, 9 ], "axis": "y", "angle": -45 },
    "faces": {
        "down":  { "uv": [ 10.5, 13.5, 9.5, 9.5 ], "texture": "#abbydemon_basic_tex" },
        "up":    { "uv": [ 5.5, 9.5, 6.5, 13.5 ], "texture": "#abbydemon_basic_tex" },
        "north": { "uv": [ 9.5, 0, 10.5, 1 ], "texture": "#abbydemon_basic_tex" },
        "south": { "uv": [ 5.5, 0, 6.5, 1 ], "texture": "#abbydemon_basic_tex" },
        "west":  { "uv": [ 9.5, 0, 13.5, 1 ], "texture": "#abbydemon_basic_tex" },
        "east":  { "uv": [ 2.5, 0, 6.5, 1 ], "texture": "#abbydemon_basic_tex" }
    }
},
{
    "from": [ 4, 5, 3.5 ],
    "to": [ 8, 6, 4.5 ],
    "rotation": { "origin": [ 4, 5, 3.5 ], "axis": "y", "angle": -45 },
    "faces": {
        "down":  { "uv": [ 10.5, 6.5, 6.5, 5.5 ], "texture": "#abbydemon_basic_tex" },
        "up":    { "uv": [ 5.5, 5.5, 9.5, 6.5 ], "texture": "#abbydemon_basic_tex" },
        "north": { "uv": [ 6.5, 0, 10.5, 1 ], "texture": "#abbydemon_basic_tex" },
        "south": { "uv": [ 5.5, 0, 9.5, 1 ], "texture": "#abbydemon_basic_tex" },
        "west":  { "uv": [ 5.5, 0, 6.5, 1 ], "texture": "#abbydemon_basic_tex" },
        "east":  { "uv": [ 9.5, 0, 10.5, 1 ], "texture": "#abbydemon_basic_tex" }
    }
},
{
    "from": [ 10, 5, 9.3125 ],
    "to": [ 14, 6, 10.3125 ],
    "rotation": { "origin": [ 10, 5, 9.3125 ], "axis": "y", "angle": -45 },
    "faces": {
        "down":  { "uv": [ 6, 10.5, 2, 9.5 ], "texture": "#abbydemon_basic_tex" },
        "up":    { "uv": [ 10, 9.5, 14, 10.5 ], "texture": "#abbydemon_basic_tex" },
        "north": { "uv": [ 2, 0, 6, 1 ], "texture": "#abbydemon_basic_tex" },
        "south": { "uv": [ 10, 0, 14, 1 ], "texture": "#abbydemon_basic_tex" },
        "west":  { "uv": [ 9.5, 0, 10.5, 1 ], "texture": "#abbydemon_basic_tex" },
        "east":  { "uv": [ 5.5, 0, 6.5, 1 ], "texture": "#abbydemon_basic_tex" }
    }
},
{
    "from": [ 9.25, 5, 6.3125 ],
    "to": [ 13.25, 6, 7.3125 ],
    "rotation": { "origin": [ 9.25, 5, 6.3125 ], "axis": "y", "angle": 45 },
    "faces": {
        "down":  { "uv": [ 6.5, 6.0625, 2.5, 5.0625 ], "texture": "#abbydemon_basic_tex" },
        "up":    { "uv": [ 9.5, 5.0625, 13.5, 6.0625 ], "texture": "#abbydemon_basic_tex" },
        "north": { "uv": [ 2.5, 0, 6.5, 1 ], "texture": "#abbydemon_basic_tex" },
        "south": { "uv": [ 9.5, 0, 13.5, 1 ], "texture": "#abbydemon_basic_tex" },
        "west":  { "uv": [ 5.0625, 0, 6.0625, 1 ], "texture": "#abbydemon_basic_tex" },
        "east":  { "uv": [ 9.9375, 0, 10.9375, 1 ], "texture": "#abbydemon_basic_tex" }
    }
},
{
    "from": [ 3, 0, 3 ],
    "to": [ 4, 7, 4 ],
    "rotation": { "origin": [ 3, 7, 3 ], "axis": "z", "angle": -22.5 },
    "faces": {
        "down":  { "uv": [ 13, 4, 12, 3 ], "texture": "#abbydemon_basic_tex" },
        "up":    { "uv": [ 3, 3, 4, 4 ], "texture": "#abbydemon_basic_tex" },
        "north": { "uv": [ 12, 9, 13, 16 ], "texture": "#abbydemon_basic_tex" },
        "south": { "uv": [ 3, 9, 4, 16 ], "texture": "#abbydemon_basic_tex" },
        "west":  { "uv": [ 3, 9, 4, 16 ], "texture": "#abbydemon_basic_tex" },
        "east":  { "uv": [ 12, 9, 13, 16 ], "texture": "#abbydemon_basic_tex" }
    }
},
{
    "from": [ 12, 0, 3 ],
    "to": [ 13, 7, 4 ],
    "rotation": { "origin": [ 12, 7, 3 ], "axis": "z", "angle": 22.5 },
    "faces": {
        "down":  { "uv": [ 4, 4, 3, 3 ], "texture": "#abbydemon_basic_tex" },
        "up":    { "uv": [ 12, 3, 13, 4 ], "texture": "#abbydemon_basic_tex" },
        "north": { "uv": [ 3, 9, 4, 16 ], "texture": "#abbydemon_basic_tex" },
        "south": { "uv": [ 12, 9, 13, 16 ], "texture": "#abbydemon_basic_tex" },
        "west":  { "uv": [ 3, 9, 4, 16 ], "texture": "#abbydemon_basic_tex" },
        "east":  { "uv": [ 12, 9, 13, 16 ], "texture": "#abbydemon_basic_tex" }
    }
},
{
    "from": [ 12, 0, 12 ],
    "to": [ 13, 7, 13 ],
    "rotation": { "origin": [ 12, 7, 12 ], "axis": "z", "angle": 22.5 },
    "faces": {
        "down":  { "uv": [ 4, 13, 3, 12 ], "texture": "#abbydemon_basic_tex" },
        "up":    { "uv": [ 12, 12, 13, 13 ], "texture": "#abbydemon_basic_tex" },
        "north": { "uv": [ 3, 9, 4, 16 ], "texture": "#abbydemon_basic_tex" },
        "south": { "uv": [ 12, 9, 13, 16 ], "texture": "#abbydemon_basic_tex" },
        "west":  { "uv": [ 12, 9, 13, 16 ], "texture": "#abbydemon_basic_tex" },
        "east":  { "uv": [ 3, 9, 4, 16 ], "texture": "#abbydemon_basic_tex" }
    }
},
{
    "from": [ 3, 0, 11.5 ],
    "to": [ 4, 7, 12.5 ],
    "rotation": { "origin": [ 3, 7, 11.5 ], "axis": "z", "angle": -22.5 },
    "faces": {
        "down":  { "uv": [ 13, 12.5, 12, 11.5 ], "texture": "#abbydemon_basic_tex" },
        "up":    { "uv": [ 3, 11.5, 4, 12.5 ], "texture": "#abbydemon_basic_tex" },
        "north": { "uv": [ 12, 9, 13, 16 ], "texture": "#abbydemon_basic_tex" },
        "south": { "uv": [ 3, 9, 4, 16 ], "texture": "#abbydemon_basic_tex" },
        "west":  { "uv": [ 11.5, 9, 12.5, 16 ], "texture": "#abbydemon_basic_tex" },
        "east":  { "uv": [ 3.5, 9, 4.5, 16 ], "texture": "#abbydemon_basic_tex" }
    }
},
{
    "from": [ 9, 12.5, 7.5 ],
    "to": [ 10, 13, 8.5 ],
    "faces": {
        "down":  { "uv": [ 7, 8.5, 6, 7.5 ], "texture": "#abbydemon_basic_tex" },
        "up":    { "uv": [ 9, 7.5, 10, 8.5 ], "texture": "#abbydemon_basic_tex" },
        "north": { "uv": [ 6, 3, 7, 3.5 ], "texture": "#abbydemon_basic_tex" },
        "south": { "uv": [ 9, 3, 10, 3.5 ], "texture": "#abbydemon_basic_tex" },
        "west":  { "uv": [ 7.5, 3, 8.5, 3.5 ], "texture": "#abbydemon_basic_tex" },
        "east":  { "uv": [ 7.5, 3, 8.5, 3.5 ], "texture": "#abbydemon_basic_tex" }
    }
},
{
    "from": [ 11, 9.5, 5.5 ],
    "to": [ 11.5, 10, 10.5 ],
    "faces": {
        "down":  { "uv": [ 5, 10.5, 4.5, 5.5 ], "texture": "#abbydemon_basic_tex" },
        "up":    { "uv": [ 11, 5.5, 11.5, 10.5 ], "texture": "#abbydemon_basic_tex" },
        "north": { "uv": [ 4.5, 6, 5, 6.5 ], "texture": "#abbydemon_basic_tex" },
        "south": { "uv": [ 11, 6, 11.5, 6.5 ], "texture": "#abbydemon_basic_tex" },
        "west":  { "uv": [ 5.5, 6, 10.5, 6.5 ], "texture": "#abbydemon_basic_tex" },
        "east":  { "uv": [ 5.5, 6, 10.5, 6.5 ], "texture": "#abbydemon_basic_tex" }
    }
},
{
    "from": [ 4, 9, 10 ],
    "to": [ 11.8125, 10, 10.5 ],
    "faces": {
        "down":  { "uv": [ 9, 10.5, 4.5, 10 ], "texture": "#abbydemon_basic_tex" },
        "up":    { "uv": [ 7, 10, 11.5, 10.5 ], "texture": "#abbydemon_basic_tex" },
        "north": { "uv": [ 4.5, 6, 9, 7 ], "texture": "#abbydemon_basic_tex" },
        "south": { "uv": [ 7, 6, 11.5, 7 ], "texture": "#abbydemon_basic_tex" },
        "west":  { "uv": [ 10, 6, 10.5, 7 ], "texture": "#abbydemon_basic_tex" },
        "east":  { "uv": [ 5.5, 6, 6, 7 ], "texture": "#abbydemon_basic_tex" }
    }
},
{
    "from": [ 4, 9, 5.4375 ],
    "to": [ 11.5, 10, 5.9375 ],
    "faces": {
        "down":  { "uv": [ 9, 10.5, 4.5, 10 ], "texture": "#abbydemon_basic_tex" },
        "up":    { "uv": [ 7, 10, 11.5, 10.5 ], "texture": "#abbydemon_basic_tex" },
        "north": { "uv": [ 4.5, 6, 9, 7 ], "texture": "#abbydemon_basic_tex" },
        "south": { "uv": [ 7, 6, 11.5, 7 ], "texture": "#abbydemon_basic_tex" },
        "west":  { "uv": [ 10, 6, 10.5, 7 ], "texture": "#abbydemon_basic_tex" },
        "east":  { "uv": [ 5.5, 6, 6, 7 ], "texture": "#abbydemon_basic_tex" }
    }
},
{
    "from": [ 6.1875, 9.9375, 7.5 ],
    "to": [ 8.625, 10.4375, 8.5 ],
    "rotation": { "origin": [ 6.1875, 10.4375, 7.5 ], "axis": "z", "angle": 22.5 },
    "faces": {
        "down":  { "uv": [ 11.875, 8.5, 8.375, 7.5 ], "texture": "#abbydemon_basic_tex" },
        "up":    { "uv": [ 10.5, 8, 11, 8.5 ], "texture": "#abbydemon_basic_tex" },
        "north": { "uv": [ 8.375, 5.8125, 11.875, 6.3125 ], "texture": "#abbydemon_basic_tex" },
        "south": { "uv": [ 4.125, 5.8125, 7.625, 6.3125 ], "texture": "#abbydemon_basic_tex" },
        "west":  { "uv": [ 7.5, 5.8125, 8.5, 6.3125 ], "texture": "#abbydemon_basic_tex" },
        "east":  { "uv": [ 7.5, 5.8125, 8.5, 6.3125 ], "texture": "#abbydemon_basic_tex" }
    }
},
{
    "from": [ 1.3125, 10.75, 7.8125 ],
    "to": [ 7.8125, 10.8125, 8.3125 ],
    "faces": {
        "down":  { "uv": [ 13.5, 9, 14, 9.5 ], "texture": "#abbydemon_basic_tex" },
        "up":    { "uv": [ 13.5, 9, 14, 9.5 ], "texture": "#abbydemon_basic_tex" },
        "north": { "uv": [ 8.4375, 5.1875, 11.9375, 5.25 ], "texture": "#abbydemon_basic_tex" },
        "south": { "uv": [ 4.0625, 5.1875, 7.5625, 5.25 ], "texture": "#abbydemon_basic_tex" },
        "west":  { "uv": [ 7.75, 5.1875, 8.25, 5.25 ], "texture": "#abbydemon_basic_tex" },
        "east":  { "uv": [ 7.75, 5.1875, 8.25, 5.25 ], "texture": "#abbydemon_basic_tex" }
    }
}
],
"display": {
    "head": {
        "rotation": [ 0, -90, 0 ],
        "translation": [ 0, -60, 0 ],
        "scale": [ 3.5, 3.5, 3.5 ]
    }
}
}