{
"__comment": "Designed by Scipio3000 with BDcraft Cubik PRO 0.96 Beta - http://bdcraft.net",
"textures": {
    "rooster": "3dmobs/rooster"
},
"elements": [ 
{
    "from": [ 5, 5, 5 ],
    "to": [ 11, 11, 13 ],
    "faces": {
        "down":  { "uv": [ 7.5, 8.5, 10.5, 11 ], "texture": "#rooster" },
        "up":    { "uv": [ 7.5, 11.5, 10.5, 15.5 ], "texture": "#rooster" },
        "north": { "uv": [ 10.5, 7, 13.5, 10 ], "texture": "#rooster" },
        "south": { "uv": [ 10.5, 3.5, 13.5, 6.5 ], "texture": "#rooster" },
        "west":  { "uv": [ 10.5, 7, 7.5, 11 ], "texture": "#rooster" },
        "east":  { "uv": [ 7.5, 7, 10.5, 11 ], "texture": "#rooster" }
    }
},
{
    "from": [ 6.5, 6.5, 1.5 ],
    "to": [ 9.5, 13.5, 5 ],
    "faces": {
        "down":  { "uv": [ 6, 2, 4, 0 ], "texture": "#rooster" },
        "up":    { "uv": [ 4, 0, 6, 2 ], "texture": "#rooster" },
        "north": { "uv": [ 0.5, 7, 2.5, 11 ], "texture": "#rooster" },
        "south": { "uv": [ 2, 0, 4, 4 ], "texture": "#rooster" },
        "west":  { "uv": [ 2, 0, 4, 4 ], "texture": "#rooster" },
        "east":  { "uv": [ 2, 0, 4, 4 ], "texture": "#rooster" }
    }
},
{
    "from": [ 7.5, 13.5, 1.5 ],
    "to": [ 8.5, 14.5, 5 ],
    "faces": {
        "down":  { "uv": [ 2, 1, 1, 0 ], "texture": "#rooster" },
        "up":    { "uv": [ 1, 0, 2, 1 ], "texture": "#rooster" },
        "north": { "uv": [ 1, 0, 2, 1 ], "texture": "#rooster" },
        "south": { "uv": [ 1, 0, 2, 1 ], "texture": "#rooster" },
        "west":  { "uv": [ 1, 0, 2, 1 ], "texture": "#rooster" },
        "east":  { "uv": [ 1, 0, 2, 1 ], "texture": "#rooster" }
    }
},
{
    "from": [ 7.5, 14.5, 2.5 ],
    "to": [ 8.5, 15.5, 5 ],
    "faces": {
        "down":  { "uv": [ 2, 1, 1, 0 ], "texture": "#rooster" },
        "up":    { "uv": [ 1, 0, 2, 1 ], "texture": "#rooster" },
        "north": { "uv": [ 1, 0, 2, 1 ], "texture": "#rooster" },
        "south": { "uv": [ 1, 0, 2, 1 ], "texture": "#rooster" },
        "west":  { "uv": [ 1, 0, 2, 1 ], "texture": "#rooster" },
        "east":  { "uv": [ 1, 0, 2, 1 ], "texture": "#rooster" }
    }
},
{
    "from": [ 7.5, 9.5, -0.5 ],
    "to": [ 8.5, 11.5, 1.5 ],
    "faces": {
        "down":  { "uv": [ 1, 1, 0, 0.5 ], "texture": "#rooster" },
        "up":    { "uv": [ 0, 0, 1, 0.5 ], "texture": "#rooster" },
        "north": { "uv": [ 0, 0, 1, 1 ], "texture": "#rooster" },
        "south": { "uv": [ 0, 0, 1, 1 ], "texture": "#rooster" },
        "west":  { "uv": [ 0, 0, 1, 1 ], "texture": "#rooster" },
        "east":  { "uv": [ 0, 0, 1, 1 ], "texture": "#rooster" }
    }
},
{
    "from": [ 7.5, 8.5, 0.5 ],
    "to": [ 8.5, 9.5, 1.5 ],
    "faces": {
        "down":  { "uv": [ 2, 1, 1, 0 ], "texture": "#rooster" },
        "up":    { "uv": [ 1, 0, 2, 1 ], "texture": "#rooster" },
        "north": { "uv": [ 1, 0, 2, 1 ], "texture": "#rooster" },
        "south": { "uv": [ 1, 0, 2, 1 ], "texture": "#rooster" },
        "west":  { "uv": [ 1, 0, 2, 1 ], "texture": "#rooster" },
        "east":  { "uv": [ 1, 0, 2, 1 ], "texture": "#rooster" }
    }
},
{
    "from": [ 4, 6.5, 6.0625 ],
    "to": [ 5, 10, 11.5625 ],
    "rotation": { "origin": [ 4, 10, 6.0625 ], "axis": "z", "angle": -22.5 },
    "faces": {
        "down":  { "uv": [ 7.5, 7, 6.5, 4.5 ], "texture": "#rooster" },
        "up":    { "uv": [ 6.5, 4.5, 7.5, 7 ], "texture": "#rooster" },
        "north": { "uv": [ 6.5, 4.5, 7.5, 7 ], "texture": "#rooster" },
        "south": { "uv": [ 6.5, 4.5, 7.5, 6.5 ], "texture": "#rooster" },
        "west":  { "uv": [ 0, 4.5, 3, 6.5 ], "texture": "#rooster" },
        "east":  { "uv": [ 0, 4.5, 3, 6.5 ], "texture": "#rooster" }
    }
},
{
    "from": [ 11, 6.5, 6 ],
    "to": [ 12, 10, 11.5 ],
    "rotation": { "origin": [ 11, 10, 6 ], "axis": "z", "angle": 22.5 },
    "faces": {
        "down":  { "uv": [ 7.5, 7, 6.5, 4.5 ], "texture": "#rooster" },
        "up":    { "uv": [ 6.5, 4.5, 7.5, 7 ], "texture": "#rooster" },
        "north": { "uv": [ 6.5, 4.5, 7.5, 7 ], "texture": "#rooster" },
        "south": { "uv": [ 6.5, 4.5, 7.5, 6.5 ], "texture": "#rooster" },
        "west":  { "uv": [ 3, 4.5, 0, 6.5 ], "texture": "#rooster" },
        "east":  { "uv": [ 3, 4.5, 0, 6.5 ], "texture": "#rooster" }
    }
},
{
    "from": [ 6, 0.5, 8.5 ],
    "to": [ 7, 5.5, 9 ],
    "faces": {
        "down":  { "uv": [ 4.5, 4.5, 5.5, 5.5 ], "texture": "#rooster" },
        "up":    { "uv": [ 4.5, 4.5, 5.5, 5.5 ], "texture": "#rooster" },
        "north": { "uv": [ 6.5, 4.5, 7.5, 7 ], "texture": "#rooster" },
        "south": { "uv": [ 6.5, 4.5, 7.5, 7 ], "texture": "#rooster" },
        "west":  { "uv": [ 6.5, 4.5, 7, 7 ], "texture": "#rooster" },
        "east":  { "uv": [ 6.5, 4.5, 7, 7 ], "texture": "#rooster" }
    }
},
{
    "from": [ 9, 0.5, 8.5 ],
    "to": [ 10, 5, 9 ],
    "faces": {
        "down":  { "uv": [ 4.5, 4.5, 5.5, 5.5 ], "texture": "#rooster" },
        "up":    { "uv": [ 4.5, 4.5, 5.5, 5.5 ], "texture": "#rooster" },
        "north": { "uv": [ 6.5, 4.5, 7.5, 7 ], "texture": "#rooster" },
        "south": { "uv": [ 6.5, 4.5, 7.5, 7 ], "texture": "#rooster" },
        "west":  { "uv": [ 6.5, 4.5, 7, 7 ], "texture": "#rooster" },
        "east":  { "uv": [ 6.5, 4.5, 7, 7 ], "texture": "#rooster" }
    }
},
{
    "from": [ 5.5, 0, 7 ],
    "to": [ 7.5, 0.5, 9 ],
    "faces": {
        "down":  { "uv": [ 4.5, 4.5, 5.5, 5.5 ], "texture": "#rooster" },
        "up":    { "uv": [ 4.5, 4.5, 5.5, 5.5 ], "texture": "#rooster" },
        "north": { "uv": [ 4.5, 4.5, 5.5, 5.5 ], "texture": "#rooster" },
        "south": { "uv": [ 4.5, 4.5, 5.5, 5.5 ], "texture": "#rooster" },
        "west":  { "uv": [ 4.5, 4.5, 5.5, 5.5 ], "texture": "#rooster" },
        "east":  { "uv": [ 4.5, 4.5, 5.5, 5.5 ], "texture": "#rooster" }
    }
},
{
    "from": [ 8.5, 0, 7 ],
    "to": [ 10.5, 0.5, 9 ],
    "faces": {
        "down":  { "uv": [ 4.5, 4.5, 5.5, 5.5 ], "texture": "#rooster" },
        "up":    { "uv": [ 4.5, 4.5, 5.5, 5.5 ], "texture": "#rooster" },
        "north": { "uv": [ 4.5, 4.5, 5.5, 5.5 ], "texture": "#rooster" },
        "south": { "uv": [ 4.5, 4.5, 5.5, 5.5 ], "texture": "#rooster" },
        "west":  { "uv": [ 4.5, 4.5, 5.5, 5.5 ], "texture": "#rooster" },
        "east":  { "uv": [ 4.5, 4.5, 5.5, 5.5 ], "texture": "#rooster" }
    }
},
{
    "from": [ 7, 11, 12.9567 ],
    "to": [ 7.0625, 13.5, 13.9567 ],
    "rotation": { "origin": [ 7, 13.5, 12.9567 ], "axis": "x", "angle": 22.5 },
    "faces": {
        "down":  { "uv": [ 4.5, 4.5, 5.5, 5.5 ], "texture": "#rooster" },
        "up":    { "uv": [ 4.5, 4.5, 5.5, 5.5 ], "texture": "#rooster" },
        "north": { "uv": [ 4.5, 4.5, 5.5, 5.5 ], "texture": "#rooster" },
        "south": { "uv": [ 4.5, 4.5, 5.5, 5.5 ], "texture": "#rooster" },
        "west":  { "uv": [ 6.5, 4.5, 7.5, 7 ], "texture": "#rooster" },
        "east":  { "uv": [ 6.5, 4.5, 7.5, 7 ], "texture": "#rooster" }
    }
},
{
    "from": [ 9, 11, 12.9567 ],
    "to": [ 9.0625, 13.5, 13.9567 ],
    "rotation": { "origin": [ 9, 13.5, 12.9567 ], "axis": "x", "angle": 22.5 },
    "faces": {
        "down":  { "uv": [ 4.5, 4.5, 5.5, 5.5 ], "texture": "#rooster" },
        "up":    { "uv": [ 4.5, 4.5, 5.5, 5.5 ], "texture": "#rooster" },
        "north": { "uv": [ 4.5, 4.5, 5.5, 5.5 ], "texture": "#rooster" },
        "south": { "uv": [ 4.5, 4.5, 5.5, 5.5 ], "texture": "#rooster" },
        "west":  { "uv": [ 6.5, 4.5, 7.5, 7 ], "texture": "#rooster" },
        "east":  { "uv": [ 6.5, 4.5, 7.5, 7 ], "texture": "#rooster" }
    }
}
],
"display": {
    "head": {
        "rotation": [ 0, 0, 0 ],
        "translation": [ 0, -50, 0 ],
        "scale": [ 2, 2, 2 ]
    }
}
}