{
    "parent": "item/stone",
    "textures": {
        "layer0": "bows/bronze_bow"
    },
    "display": {
        "thirdperson_righthand": {
            "rotation": [ -80, 260, -40 ],
            "translation": [ -1, -2, 2.5 ],
            "scale": [ 0.9, 0.9, 0.9 ]
        },
        "thirdperson_lefthand": {
            "rotation": [ -80, -280, 40 ],
            "translation": [ -1, -2, 2.5 ],
            "scale": [ 0.9, 0.9, 0.9 ]
        },
        "firstperson_righthand": {
            "rotation": [ 0, -90, 25 ],
            "translation": [ 1.13, 3.2, 1.13],
            "scale": [ 0.68, 0.68, 0.68 ]
        },
        "firstperson_lefthand": {
            "rotation": [ 0, 90, -25 ],
            "translation": [ 1.13, 3.2, 1.13],
            "scale": [ 0.68, 0.68, 0.68 ]
        }
    },
    "overrides": [
        {
          "predicate": {
            "damaged": 0, "damage": 0.002597402597
          }, "model": "item/bows/bronze_bow"
        },
        {
            "predicate": {
                "pulling": 1,
                 "damaged": 0,
                  "damage": 0.002597402597,
                  "damaged": 0
            },
            "model": "item/bows/bronze_bow_pulling_0"
        },
        {
            "predicate": {
                "pulling": 1,
                "pull": 0.65,
                "damage": 0.002597402597,
                "damaged": 0
            },
            "model": "item/bows/bronze_bow_pulling_1"
        },
        {
            "predicate": {
                "pulling": 1,
                "pull": 0.9,
                "damage": 0.002597402597,
                "damaged": 0
            },
            "model": "item/bows/bronze_bow_pulling_2"
        },


        {
          "predicate": {
            "damaged": 0, "damage": 0.005194805195
          }, "model": "item/bows/iron_bow"
        },
        {
            "predicate": {
                "pulling": 1,
                 "damaged": 0,
                  "damage": 0.005194805195,
                  "damaged": 0
            },
            "model": "item/bows/iron_bow_pulling_0"
        },
        {
            "predicate": {
                "pulling": 1,
                "pull": 0.65,
                "damage": 0.005194805195,
                "damaged": 0
            },
            "model": "item/bows/iron_bow_pulling_1"
        },
        {
            "predicate": {
                "pulling": 1,
                "pull": 0.9,
                "damage": 0.005194805195,
                "damaged": 0
            },
            "model": "item/bows/iron_bow_pulling_2"
        },


        {
          "predicate": {
            "damaged": 0, "damage": 0.007792207792
          }, "model": "item/bows/steel_bow"
        },
        {
            "predicate": {
                "pulling": 1,
                 "damaged": 0,
                  "damage": 0.007792207792,
                  "damaged": 0
            },
            "model": "item/bows/steel_bow_pulling_0"
        },
        {
            "predicate": {
                "pulling": 1,
                "pull": 0.65,
                "damage": 0.007792207792,
                "damaged": 0
            },
            "model": "item/bows/steel_bow_pulling_1"
        },
        {
            "predicate": {
                "pulling": 1,
                "pull": 0.9,
                "damage": 0.007792207792,
                "damaged": 0
            },
            "model": "item/bows/steel_bow_pulling_2"
        },


        {
          "predicate": {
            "damaged": 0, "damage": 0.01038961039
          }, "model": "item/bows/mithril_bow"
        },
        {
            "predicate": {
                "pulling": 1,
                 "damaged": 0,
                  "damage": 0.01038961039
            },
            "model": "item/bows/mithril_bow_pulling_0"
        },
        {
            "predicate": {
                "pulling": 1,
                "pull": 0.65,
                "damage": 0.01038961039,
                "damaged": 0
            },
            "model": "item/bows/mithril_bow_pulling_1"
        },
        {
            "predicate": {
                "pulling": 1,
                "pull": 0.9,
                "damage": 0.01038961039,
                "damaged": 0
            },
            "model": "item/bows/mithril_bow_pulling_2"
        },


        {
          "predicate": {
            "damaged": 0, "damage": 0.01298701299
          }, "model": "item/bows/adamant_bow"
        },
        {
            "predicate": {
                "pulling": 1,
                 "damaged": 0,
                  "damage": 0.01298701299
            },
            "model": "item/bows/adamant_bow_pulling_0"
        },
        {
            "predicate": {
                "pulling": 1,
                "pull": 0.65,
                "damaged": 0,
                "damage": 0.01298701299
            },
            "model": "item/bows/adamant_bow_pulling_1"
        },
        {
            "predicate": {
                "pulling": 1,
                "pull": 0.9,
                "damaged": 0,
                "damage": 0.01298701299
            },
            "model": "item/bows/adamant_bow_pulling_2"
        },


        {
          "predicate": {
            "damaged": 0, "damage": 0.01558441558
          }, "model": "item/bows/rune_bow"
        },
        {
            "predicate": {
                "pulling": 1,
                 "damaged": 0,
                  "damage": 0.01558441558
            },
            "model": "item/bows/rune_bow_pulling_0"
        },
        {
            "predicate": {
                "pulling": 1,
                "pull": 0.65,
                "damage": 0.01558441558,
                "damaged": 0
            },
            "model": "item/bows/rune_bow_pulling_1"
        },
        {
            "predicate": {
                "pulling": 1,
                "pull": 0.9,
                "damage": 0.01558441558,
                "damaged": 0
            },
            "model": "item/bows/rune_bow_pulling_2"
        },


        {
          "predicate": {
            "damaged": 0, "damage": 0.01818181818
          }, "model": "item/bows/dragon_bow"
        },
        {
            "predicate": {
                "pulling": 1,
                 "damaged": 0,
                  "damage": 0.01818181818
            },
            "model": "item/bows/dragon_bow_pulling_0"
        },
        {
            "predicate": {
                "pulling": 1,
                "pull": 0.65,
                "damage": 0.01818181818,
                "damaged": 0
            },
            "model": "item/bows/dragon_bow_pulling_1"
        },
        {
            "predicate": {
                "pulling": 1,
                "pull": 0.9,
                "damage": 0.01818181818,
                "damaged": 0
            },
            "model": "item/bows/dragon_bow_pulling_2"
        },


        {
          "predicate": {
            "damaged": 0, "damage": 0.02077922078
          }, "model": "item/bows/crystal_bow"
        },
        {
            "predicate": {
                "pulling": 1,
                 "damaged": 0,
                  "damage": 0.02077922078,
                  "damaged": 0
            },
            "model": "item/bows/crystal_bow_pulling_0"
        },
        {
            "predicate": {
                "pulling": 1,
                "pull": 0.65,
                "damage": 0.02077922078,
                "damaged": 0
            },
            "model": "item/bows/crystal_bow_pulling_1"
        },
        {
            "predicate": {
                "pulling": 1,
                "pull": 0.9,
                "damage": 0.02077922078,
                "damaged": 0
            },
            "model": "item/bows/crystal_bow_pulling_2"
        }

    ]
}
