{
	"__comment": "Designed by Jey224 with Cubik Studio - https://cubik.studio",
	"textures": {
		"mesh_palette": "weapons/elemental_sword_crystalline"
	},
	"elements": [
		{
			"__comment": "Voxels-00235E",
			"from": [ -3, 4, 7 ],
			"to": [ -2, 5, 8 ],
			"faces": {
				"down": { "uv": [ 8.96, 0.96, 11.04, 3.04 ], "texture": "#mesh_palette" },
				"up": { "uv": [ 8.96, 0.96, 11.04, 3.04 ], "texture": "#mesh_palette" },
				"north": { "uv": [ 8.96, 0.96, 11.04, 3.04 ], "texture": "#mesh_palette" },
				"south": { "uv": [ 8.96, 0.96, 11.04, 3.04 ], "texture": "#mesh_palette" },
				"west": { "uv": [ 8.96, 0.96, 11.04, 3.04 ], "texture": "#mesh_palette" },
				"east": { "uv": [ 8.96, 0.96, 11.04, 3.04 ], "texture": "#mesh_palette" }
			}
		},
		{
			"__comment": "Voxels-00235E",
			"from": [ -3, 7, 8 ],
			"to": [ -2, 8, 9 ],
			"faces": {
				"down": { "uv": [ 8.96, 0.96, 11.04, 3.04 ], "texture": "#mesh_palette" },
				"up": { "uv": [ 8.96, 0.96, 11.04, 3.04 ], "texture": "#mesh_palette" },
				"north": { "uv": [ 8.96, 0.96, 11.04, 3.04 ], "texture": "#mesh_palette" },
				"south": { "uv": [ 8.96, 0.96, 11.04, 3.04 ], "texture": "#mesh_palette" },
				"west": { "uv": [ 8.96, 0.96, 11.04, 3.04 ], "texture": "#mesh_palette" },
				"east": { "uv": [ 8.96, 0.96, 11.04, 3.04 ], "texture": "#mesh_palette" }
			}
		},
		{
			"__comment": "Voxels-00FFFF",
			"from": [ -2, -1, 8 ],
			"to": [ 19, 0, 9 ],
			"faces": {
				"down": { "uv": [ 4.96, 0.96, 7.04, 3.04 ], "texture": "#mesh_palette" },
				"up": { "uv": [ 4.96, 0.96, 7.04, 3.04 ], "texture": "#mesh_palette" },
				"north": { "uv": [ 4.96, 0.96, 7.04, 3.04 ], "texture": "#mesh_palette" },
				"south": { "uv": [ 4.96, 0.96, 7.04, 3.04 ], "texture": "#mesh_palette" },
				"west": { "uv": [ 4.96, 0.96, 7.04, 3.04 ], "texture": "#mesh_palette" },
				"east": { "uv": [ 4.96, 0.96, 7.04, 3.04 ], "texture": "#mesh_palette" }
			}
		},
		{
			"__comment": "Voxels-00235E",
			"from": [ -2, 2, 9 ],
			"to": [ -1, 3, 10 ],
			"faces": {
				"down": { "uv": [ 8.96, 0.96, 11.04, 3.04 ], "texture": "#mesh_palette" },
				"up": { "uv": [ 8.96, 0.96, 11.04, 3.04 ], "texture": "#mesh_palette" },
				"north": { "uv": [ 8.96, 0.96, 11.04, 3.04 ], "texture": "#mesh_palette" },
				"south": { "uv": [ 8.96, 0.96, 11.04, 3.04 ], "texture": "#mesh_palette" },
				"west": { "uv": [ 8.96, 0.96, 11.04, 3.04 ], "texture": "#mesh_palette" },
				"east": { "uv": [ 8.96, 0.96, 11.04, 3.04 ], "texture": "#mesh_palette" }
			}
		},
		{
			"__comment": "Voxels-00FFFF",
			"from": [ -1, 0, 7 ],
			"to": [ 5, 1, 8 ],
			"faces": {
				"down": { "uv": [ 4.96, 0.96, 7.04, 3.04 ], "texture": "#mesh_palette" },
				"up": { "uv": [ 4.96, 0.96, 7.04, 3.04 ], "texture": "#mesh_palette" },
				"north": { "uv": [ 4.96, 0.96, 7.04, 3.04 ], "texture": "#mesh_palette" },
				"south": { "uv": [ 4.96, 0.96, 7.04, 3.04 ], "texture": "#mesh_palette" },
				"west": { "uv": [ 4.96, 0.96, 7.04, 3.04 ], "texture": "#mesh_palette" },
				"east": { "uv": [ 4.96, 0.96, 7.04, 3.04 ], "texture": "#mesh_palette" }
			}
		},
		{
			"__comment": "Voxels-00FFFF",
			"from": [ -1, 0, 8 ],
			"to": [ 0, 1, 10 ],
			"faces": {
				"down": { "uv": [ 4.96, 0.96, 7.04, 3.04 ], "texture": "#mesh_palette" },
				"up": { "uv": [ 4.96, 0.96, 7.04, 3.04 ], "texture": "#mesh_palette" },
				"north": { "uv": [ 4.96, 0.96, 7.04, 3.04 ], "texture": "#mesh_palette" },
				"south": { "uv": [ 4.96, 0.96, 7.04, 3.04 ], "texture": "#mesh_palette" },
				"west": { "uv": [ 4.96, 0.96, 7.04, 3.04 ], "texture": "#mesh_palette" },
				"east": { "uv": [ 4.96, 0.96, 7.04, 3.04 ], "texture": "#mesh_palette" }
			}
		},
		{
			"__comment": "Voxels-00235E",
			"from": [ -1, 5, 9 ],
			"to": [ 0, 6, 10 ],
			"faces": {
				"down": { "uv": [ 8.96, 0.96, 11.04, 3.04 ], "texture": "#mesh_palette" },
				"up": { "uv": [ 8.96, 0.96, 11.04, 3.04 ], "texture": "#mesh_palette" },
				"north": { "uv": [ 8.96, 0.96, 11.04, 3.04 ], "texture": "#mesh_palette" },
				"south": { "uv": [ 8.96, 0.96, 11.04, 3.04 ], "texture": "#mesh_palette" },
				"west": { "uv": [ 8.96, 0.96, 11.04, 3.04 ], "texture": "#mesh_palette" },
				"east": { "uv": [ 8.96, 0.96, 11.04, 3.04 ], "texture": "#mesh_palette" }
			}
		},
		{
			"__comment": "Voxels-000000",
			"from": [ 0, 0, 8 ],
			"to": [ 17, 1, 9 ],
			"faces": {
				"down": { "uv": [ 0.96, 8.96, 3.04, 11.04 ], "texture": "#mesh_palette" },
				"up": { "uv": [ 0.96, 8.96, 3.04, 11.04 ], "texture": "#mesh_palette" },
				"north": { "uv": [ 0.96, 8.96, 3.04, 11.04 ], "texture": "#mesh_palette" },
				"south": { "uv": [ 0.96, 8.96, 3.04, 11.04 ], "texture": "#mesh_palette" },
				"west": { "uv": [ 0.96, 8.96, 3.04, 11.04 ], "texture": "#mesh_palette" },
				"east": { "uv": [ 0.96, 8.96, 3.04, 11.04 ], "texture": "#mesh_palette" }
			}
		},
		{
			"__comment": "Voxels-00FFFF",
			"from": [ 0, 0, 9 ],
			"to": [ 5, 1, 10 ],
			"faces": {
				"down": { "uv": [ 4.96, 0.96, 7.04, 3.04 ], "texture": "#mesh_palette" },
				"up": { "uv": [ 4.96, 0.96, 7.04, 3.04 ], "texture": "#mesh_palette" },
				"north": { "uv": [ 4.96, 0.96, 7.04, 3.04 ], "texture": "#mesh_palette" },
				"south": { "uv": [ 4.96, 0.96, 7.04, 3.04 ], "texture": "#mesh_palette" },
				"west": { "uv": [ 4.96, 0.96, 7.04, 3.04 ], "texture": "#mesh_palette" },
				"east": { "uv": [ 4.96, 0.96, 7.04, 3.04 ], "texture": "#mesh_palette" }
			}
		},
		{
			"__comment": "Voxels-00FFFF",
			"from": [ 0, 1, 7 ],
			"to": [ 1, 2, 10 ],
			"faces": {
				"down": { "uv": [ 4.96, 0.96, 7.04, 3.04 ], "texture": "#mesh_palette" },
				"up": { "uv": [ 4.96, 0.96, 7.04, 3.04 ], "texture": "#mesh_palette" },
				"north": { "uv": [ 4.96, 0.96, 7.04, 3.04 ], "texture": "#mesh_palette" },
				"south": { "uv": [ 4.96, 0.96, 7.04, 3.04 ], "texture": "#mesh_palette" },
				"west": { "uv": [ 4.96, 0.96, 7.04, 3.04 ], "texture": "#mesh_palette" },
				"east": { "uv": [ 4.96, 0.96, 7.04, 3.04 ], "texture": "#mesh_palette" }
			}
		},
		{
			"__comment": "Voxels-00235E",
			"from": [ 0, 3, 8 ],
			"to": [ 1, 4, 9 ],
			"faces": {
				"down": { "uv": [ 8.96, 0.96, 11.04, 3.04 ], "texture": "#mesh_palette" },
				"up": { "uv": [ 8.96, 0.96, 11.04, 3.04 ], "texture": "#mesh_palette" },
				"north": { "uv": [ 8.96, 0.96, 11.04, 3.04 ], "texture": "#mesh_palette" },
				"south": { "uv": [ 8.96, 0.96, 11.04, 3.04 ], "texture": "#mesh_palette" },
				"west": { "uv": [ 8.96, 0.96, 11.04, 3.04 ], "texture": "#mesh_palette" },
				"east": { "uv": [ 8.96, 0.96, 11.04, 3.04 ], "texture": "#mesh_palette" }
			}
		},
		{
			"__comment": "Voxels-00235E",
			"from": [ 0, 6, 7 ],
			"to": [ 1, 7, 8 ],
			"faces": {
				"down": { "uv": [ 8.96, 0.96, 11.04, 3.04 ], "texture": "#mesh_palette" },
				"up": { "uv": [ 8.96, 0.96, 11.04, 3.04 ], "texture": "#mesh_palette" },
				"north": { "uv": [ 8.96, 0.96, 11.04, 3.04 ], "texture": "#mesh_palette" },
				"south": { "uv": [ 8.96, 0.96, 11.04, 3.04 ], "texture": "#mesh_palette" },
				"west": { "uv": [ 8.96, 0.96, 11.04, 3.04 ], "texture": "#mesh_palette" },
				"east": { "uv": [ 8.96, 0.96, 11.04, 3.04 ], "texture": "#mesh_palette" }
			}
		},
		{
			"__comment": "Voxels-00FFFF",
			"from": [ 1, 1, 8 ],
			"to": [ 8, 2, 9 ],
			"faces": {
				"down": { "uv": [ 4.96, 0.96, 7.04, 3.04 ], "texture": "#mesh_palette" },
				"up": { "uv": [ 4.96, 0.96, 7.04, 3.04 ], "texture": "#mesh_palette" },
				"north": { "uv": [ 4.96, 0.96, 7.04, 3.04 ], "texture": "#mesh_palette" },
				"south": { "uv": [ 4.96, 0.96, 7.04, 3.04 ], "texture": "#mesh_palette" },
				"west": { "uv": [ 4.96, 0.96, 7.04, 3.04 ], "texture": "#mesh_palette" },
				"east": { "uv": [ 4.96, 0.96, 7.04, 3.04 ], "texture": "#mesh_palette" }
			}
		},
		{
			"__comment": "Voxels-00FFFF",
			"from": [ 1, 2, 8 ],
			"to": [ 2, 3, 9 ],
			"faces": {
				"down": { "uv": [ 4.96, 0.96, 7.04, 3.04 ], "texture": "#mesh_palette" },
				"up": { "uv": [ 4.96, 0.96, 7.04, 3.04 ], "texture": "#mesh_palette" },
				"north": { "uv": [ 4.96, 0.96, 7.04, 3.04 ], "texture": "#mesh_palette" },
				"south": { "uv": [ 4.96, 0.96, 7.04, 3.04 ], "texture": "#mesh_palette" },
				"west": { "uv": [ 4.96, 0.96, 7.04, 3.04 ], "texture": "#mesh_palette" },
				"east": { "uv": [ 4.96, 0.96, 7.04, 3.04 ], "texture": "#mesh_palette" }
			}
		},
		{
			"__comment": "Voxels-3AC6FF",
			"from": [ 3, 11, 8 ],
			"to": [ 4, 14, 9 ],
			"faces": {
				"down": { "uv": [ 4.96, 8.96, 7.04, 11.04 ], "texture": "#mesh_palette" },
				"up": { "uv": [ 4.96, 8.96, 7.04, 11.04 ], "texture": "#mesh_palette" },
				"north": { "uv": [ 4.96, 8.96, 7.04, 11.04 ], "texture": "#mesh_palette" },
				"south": { "uv": [ 4.96, 8.96, 7.04, 11.04 ], "texture": "#mesh_palette" },
				"west": { "uv": [ 4.96, 8.96, 7.04, 11.04 ], "texture": "#mesh_palette" },
				"east": { "uv": [ 4.96, 8.96, 7.04, 11.04 ], "texture": "#mesh_palette" }
			}
		},
		{
			"__comment": "Voxels-1D1D1D",
			"from": [ 4, -2, 8 ],
			"to": [ 8, -1, 9 ],
			"faces": {
				"down": { "uv": [ 12.96, 0.96, 15.04, 3.04 ], "texture": "#mesh_palette" },
				"up": { "uv": [ 12.96, 0.96, 15.04, 3.04 ], "texture": "#mesh_palette" },
				"north": { "uv": [ 12.96, 0.96, 15.04, 3.04 ], "texture": "#mesh_palette" },
				"south": { "uv": [ 12.96, 0.96, 15.04, 3.04 ], "texture": "#mesh_palette" },
				"west": { "uv": [ 12.96, 0.96, 15.04, 3.04 ], "texture": "#mesh_palette" },
				"east": { "uv": [ 12.96, 0.96, 15.04, 3.04 ], "texture": "#mesh_palette" }
			}
		},
		{
			"__comment": "Voxels-3AC6FF",
			"from": [ 4, 4, 8 ],
			"to": [ 13, 7, 9 ],
			"faces": {
				"down": { "uv": [ 4.96, 8.96, 7.04, 11.04 ], "texture": "#mesh_palette" },
				"up": { "uv": [ 4.96, 8.96, 7.04, 11.04 ], "texture": "#mesh_palette" },
				"north": { "uv": [ 4.96, 8.96, 7.04, 11.04 ], "texture": "#mesh_palette" },
				"south": { "uv": [ 4.96, 8.96, 7.04, 11.04 ], "texture": "#mesh_palette" },
				"west": { "uv": [ 4.96, 8.96, 7.04, 11.04 ], "texture": "#mesh_palette" },
				"east": { "uv": [ 4.96, 8.96, 7.04, 11.04 ], "texture": "#mesh_palette" }
			}
		},
		{
			"__comment": "Voxels-3AC6FF",
			"from": [ 4, 14, 8 ],
			"to": [ 5, 18, 9 ],
			"faces": {
				"down": { "uv": [ 4.96, 8.96, 7.04, 11.04 ], "texture": "#mesh_palette" },
				"up": { "uv": [ 4.96, 8.96, 7.04, 11.04 ], "texture": "#mesh_palette" },
				"north": { "uv": [ 4.96, 8.96, 7.04, 11.04 ], "texture": "#mesh_palette" },
				"south": { "uv": [ 4.96, 8.96, 7.04, 11.04 ], "texture": "#mesh_palette" },
				"west": { "uv": [ 4.96, 8.96, 7.04, 11.04 ], "texture": "#mesh_palette" },
				"east": { "uv": [ 4.96, 8.96, 7.04, 11.04 ], "texture": "#mesh_palette" }
			}
		},
		{
			"__comment": "Voxels-3AC6FF",
			"from": [ 4, 24, 8 ],
			"to": [ 6, 25, 9 ],
			"faces": {
				"down": { "uv": [ 4.96, 8.96, 7.04, 11.04 ], "texture": "#mesh_palette" },
				"up": { "uv": [ 4.96, 8.96, 7.04, 11.04 ], "texture": "#mesh_palette" },
				"north": { "uv": [ 4.96, 8.96, 7.04, 11.04 ], "texture": "#mesh_palette" },
				"south": { "uv": [ 4.96, 8.96, 7.04, 11.04 ], "texture": "#mesh_palette" },
				"west": { "uv": [ 4.96, 8.96, 7.04, 11.04 ], "texture": "#mesh_palette" },
				"east": { "uv": [ 4.96, 8.96, 7.04, 11.04 ], "texture": "#mesh_palette" }
			}
		},
		{
			"__comment": "Voxels-3AC6FF",
			"from": [ 4, 25, 8 ],
			"to": [ 5, 26, 9 ],
			"faces": {
				"down": { "uv": [ 4.96, 8.96, 7.04, 11.04 ], "texture": "#mesh_palette" },
				"up": { "uv": [ 4.96, 8.96, 7.04, 11.04 ], "texture": "#mesh_palette" },
				"north": { "uv": [ 4.96, 8.96, 7.04, 11.04 ], "texture": "#mesh_palette" },
				"south": { "uv": [ 4.96, 8.96, 7.04, 11.04 ], "texture": "#mesh_palette" },
				"west": { "uv": [ 4.96, 8.96, 7.04, 11.04 ], "texture": "#mesh_palette" },
				"east": { "uv": [ 4.96, 8.96, 7.04, 11.04 ], "texture": "#mesh_palette" }
			}
		},
		{
			"__comment": "Voxels-1D1D1D",
			"from": [ 5, -16, 8 ],
			"to": [ 12, -15, 9 ],
			"faces": {
				"down": { "uv": [ 12.96, 0.96, 15.04, 3.04 ], "texture": "#mesh_palette" },
				"up": { "uv": [ 12.96, 0.96, 15.04, 3.04 ], "texture": "#mesh_palette" },
				"north": { "uv": [ 12.96, 0.96, 15.04, 3.04 ], "texture": "#mesh_palette" },
				"south": { "uv": [ 12.96, 0.96, 15.04, 3.04 ], "texture": "#mesh_palette" },
				"west": { "uv": [ 12.96, 0.96, 15.04, 3.04 ], "texture": "#mesh_palette" },
				"east": { "uv": [ 12.96, 0.96, 15.04, 3.04 ], "texture": "#mesh_palette" }
			}
		},
		{
			"__comment": "Voxels-000044",
			"from": [ 5, 0, 6 ],
			"to": [ 6, 3, 8 ],
			"faces": {
				"down": { "uv": [ 4.96, 4.96, 7.04, 7.04 ], "texture": "#mesh_palette" },
				"up": { "uv": [ 4.96, 4.96, 7.04, 7.04 ], "texture": "#mesh_palette" },
				"north": { "uv": [ 4.96, 4.96, 7.04, 7.04 ], "texture": "#mesh_palette" },
				"south": { "uv": [ 4.96, 4.96, 7.04, 7.04 ], "texture": "#mesh_palette" },
				"west": { "uv": [ 4.96, 4.96, 7.04, 7.04 ], "texture": "#mesh_palette" },
				"east": { "uv": [ 4.96, 4.96, 7.04, 7.04 ], "texture": "#mesh_palette" }
			}
		},
		{
			"__comment": "Voxels-000044",
			"from": [ 5, 0, 9 ],
			"to": [ 6, 3, 11 ],
			"faces": {
				"down": { "uv": [ 4.96, 4.96, 7.04, 7.04 ], "texture": "#mesh_palette" },
				"up": { "uv": [ 4.96, 4.96, 7.04, 7.04 ], "texture": "#mesh_palette" },
				"north": { "uv": [ 4.96, 4.96, 7.04, 7.04 ], "texture": "#mesh_palette" },
				"south": { "uv": [ 4.96, 4.96, 7.04, 7.04 ], "texture": "#mesh_palette" },
				"west": { "uv": [ 4.96, 4.96, 7.04, 7.04 ], "texture": "#mesh_palette" },
				"east": { "uv": [ 4.96, 4.96, 7.04, 7.04 ], "texture": "#mesh_palette" }
			}
		},
		{
			"__comment": "Voxels-3AC6FF",
			"from": [ 5, 2, 8 ],
			"to": [ 12, 3, 9 ],
			"faces": {
				"down": { "uv": [ 4.96, 8.96, 7.04, 11.04 ], "texture": "#mesh_palette" },
				"up": { "uv": [ 4.96, 8.96, 7.04, 11.04 ], "texture": "#mesh_palette" },
				"north": { "uv": [ 4.96, 8.96, 7.04, 11.04 ], "texture": "#mesh_palette" },
				"south": { "uv": [ 4.96, 8.96, 7.04, 11.04 ], "texture": "#mesh_palette" },
				"west": { "uv": [ 4.96, 8.96, 7.04, 11.04 ], "texture": "#mesh_palette" },
				"east": { "uv": [ 4.96, 8.96, 7.04, 11.04 ], "texture": "#mesh_palette" }
			}
		},
		{
			"__comment": "Voxels-3AC6FF",
			"from": [ 5, 3, 8 ],
			"to": [ 8, 4, 9 ],
			"faces": {
				"down": { "uv": [ 4.96, 8.96, 7.04, 11.04 ], "texture": "#mesh_palette" },
				"up": { "uv": [ 4.96, 8.96, 7.04, 11.04 ], "texture": "#mesh_palette" },
				"north": { "uv": [ 4.96, 8.96, 7.04, 11.04 ], "texture": "#mesh_palette" },
				"south": { "uv": [ 4.96, 8.96, 7.04, 11.04 ], "texture": "#mesh_palette" },
				"west": { "uv": [ 4.96, 8.96, 7.04, 11.04 ], "texture": "#mesh_palette" },
				"east": { "uv": [ 4.96, 8.96, 7.04, 11.04 ], "texture": "#mesh_palette" }
			}
		},
		{
			"__comment": "Voxels-3AC6FF",
			"from": [ 5, 7, 8 ],
			"to": [ 8, 13, 9 ],
			"faces": {
				"down": { "uv": [ 4.96, 8.96, 7.04, 11.04 ], "texture": "#mesh_palette" },
				"up": { "uv": [ 4.96, 8.96, 7.04, 11.04 ], "texture": "#mesh_palette" },
				"north": { "uv": [ 4.96, 8.96, 7.04, 11.04 ], "texture": "#mesh_palette" },
				"south": { "uv": [ 4.96, 8.96, 7.04, 11.04 ], "texture": "#mesh_palette" },
				"west": { "uv": [ 4.96, 8.96, 7.04, 11.04 ], "texture": "#mesh_palette" },
				"east": { "uv": [ 4.96, 8.96, 7.04, 11.04 ], "texture": "#mesh_palette" }
			}
		},
		{
			"__comment": "Voxels-3AC6FF",
			"from": [ 5, 15, 8 ],
			"to": [ 13, 18, 9 ],
			"faces": {
				"down": { "uv": [ 4.96, 8.96, 7.04, 11.04 ], "texture": "#mesh_palette" },
				"up": { "uv": [ 4.96, 8.96, 7.04, 11.04 ], "texture": "#mesh_palette" },
				"north": { "uv": [ 4.96, 8.96, 7.04, 11.04 ], "texture": "#mesh_palette" },
				"south": { "uv": [ 4.96, 8.96, 7.04, 11.04 ], "texture": "#mesh_palette" },
				"west": { "uv": [ 4.96, 8.96, 7.04, 11.04 ], "texture": "#mesh_palette" },
				"east": { "uv": [ 4.96, 8.96, 7.04, 11.04 ], "texture": "#mesh_palette" }
			}
		},
		{
			"__comment": "Voxels-3AC6FF",
			"from": [ 5, 18, 8 ],
			"to": [ 8, 19, 9 ],
			"faces": {
				"down": { "uv": [ 4.96, 8.96, 7.04, 11.04 ], "texture": "#mesh_palette" },
				"up": { "uv": [ 4.96, 8.96, 7.04, 11.04 ], "texture": "#mesh_palette" },
				"north": { "uv": [ 4.96, 8.96, 7.04, 11.04 ], "texture": "#mesh_palette" },
				"south": { "uv": [ 4.96, 8.96, 7.04, 11.04 ], "texture": "#mesh_palette" },
				"west": { "uv": [ 4.96, 8.96, 7.04, 11.04 ], "texture": "#mesh_palette" },
				"east": { "uv": [ 4.96, 8.96, 7.04, 11.04 ], "texture": "#mesh_palette" }
			}
		},
		{
			"__comment": "Voxels-3AC6FF",
			"from": [ 5, 22, 8 ],
			"to": [ 12, 23, 9 ],
			"faces": {
				"down": { "uv": [ 4.96, 8.96, 7.04, 11.04 ], "texture": "#mesh_palette" },
				"up": { "uv": [ 4.96, 8.96, 7.04, 11.04 ], "texture": "#mesh_palette" },
				"north": { "uv": [ 4.96, 8.96, 7.04, 11.04 ], "texture": "#mesh_palette" },
				"south": { "uv": [ 4.96, 8.96, 7.04, 11.04 ], "texture": "#mesh_palette" },
				"west": { "uv": [ 4.96, 8.96, 7.04, 11.04 ], "texture": "#mesh_palette" },
				"east": { "uv": [ 4.96, 8.96, 7.04, 11.04 ], "texture": "#mesh_palette" }
			}
		},
		{
			"__comment": "Voxels-3AC6FF",
			"from": [ 5, 23, 8 ],
			"to": [ 6, 24, 9 ],
			"faces": {
				"down": { "uv": [ 4.96, 8.96, 7.04, 11.04 ], "texture": "#mesh_palette" },
				"up": { "uv": [ 4.96, 8.96, 7.04, 11.04 ], "texture": "#mesh_palette" },
				"north": { "uv": [ 4.96, 8.96, 7.04, 11.04 ], "texture": "#mesh_palette" },
				"south": { "uv": [ 4.96, 8.96, 7.04, 11.04 ], "texture": "#mesh_palette" },
				"west": { "uv": [ 4.96, 8.96, 7.04, 11.04 ], "texture": "#mesh_palette" },
				"east": { "uv": [ 4.96, 8.96, 7.04, 11.04 ], "texture": "#mesh_palette" }
			}
		},
		{
			"__comment": "Voxels-3AC6FF",
			"from": [ 5, 26, 8 ],
			"to": [ 6, 27, 9 ],
			"faces": {
				"down": { "uv": [ 4.96, 8.96, 7.04, 11.04 ], "texture": "#mesh_palette" },
				"up": { "uv": [ 4.96, 8.96, 7.04, 11.04 ], "texture": "#mesh_palette" },
				"north": { "uv": [ 4.96, 8.96, 7.04, 11.04 ], "texture": "#mesh_palette" },
				"south": { "uv": [ 4.96, 8.96, 7.04, 11.04 ], "texture": "#mesh_palette" },
				"west": { "uv": [ 4.96, 8.96, 7.04, 11.04 ], "texture": "#mesh_palette" },
				"east": { "uv": [ 4.96, 8.96, 7.04, 11.04 ], "texture": "#mesh_palette" }
			}
		},
		{
			"__comment": "Voxels-1D1D1D",
			"from": [ 6, -16, 7 ],
			"to": [ 11, -15, 8 ],
			"faces": {
				"down": { "uv": [ 12.96, 0.96, 15.04, 3.04 ], "texture": "#mesh_palette" },
				"up": { "uv": [ 12.96, 0.96, 15.04, 3.04 ], "texture": "#mesh_palette" },
				"north": { "uv": [ 12.96, 0.96, 15.04, 3.04 ], "texture": "#mesh_palette" },
				"south": { "uv": [ 12.96, 0.96, 15.04, 3.04 ], "texture": "#mesh_palette" },
				"west": { "uv": [ 12.96, 0.96, 15.04, 3.04 ], "texture": "#mesh_palette" },
				"east": { "uv": [ 12.96, 0.96, 15.04, 3.04 ], "texture": "#mesh_palette" }
			}
		},
		{
			"__comment": "Voxels-1D1D1D",
			"from": [ 6, -16, 9 ],
			"to": [ 11, -15, 10 ],
			"faces": {
				"down": { "uv": [ 12.96, 0.96, 15.04, 3.04 ], "texture": "#mesh_palette" },
				"up": { "uv": [ 12.96, 0.96, 15.04, 3.04 ], "texture": "#mesh_palette" },
				"north": { "uv": [ 12.96, 0.96, 15.04, 3.04 ], "texture": "#mesh_palette" },
				"south": { "uv": [ 12.96, 0.96, 15.04, 3.04 ], "texture": "#mesh_palette" },
				"west": { "uv": [ 12.96, 0.96, 15.04, 3.04 ], "texture": "#mesh_palette" },
				"east": { "uv": [ 12.96, 0.96, 15.04, 3.04 ], "texture": "#mesh_palette" }
			}
		},
		{
			"__comment": "Voxels-1D1D1D",
			"from": [ 6, -15, 8 ],
			"to": [ 8, -14, 9 ],
			"faces": {
				"down": { "uv": [ 12.96, 0.96, 15.04, 3.04 ], "texture": "#mesh_palette" },
				"up": { "uv": [ 12.96, 0.96, 15.04, 3.04 ], "texture": "#mesh_palette" },
				"north": { "uv": [ 12.96, 0.96, 15.04, 3.04 ], "texture": "#mesh_palette" },
				"south": { "uv": [ 12.96, 0.96, 15.04, 3.04 ], "texture": "#mesh_palette" },
				"west": { "uv": [ 12.96, 0.96, 15.04, 3.04 ], "texture": "#mesh_palette" },
				"east": { "uv": [ 12.96, 0.96, 15.04, 3.04 ], "texture": "#mesh_palette" }
			}
		},
		{
			"__comment": "Voxels-2C2C2C",
			"from": [ 6, -4, 7 ],
			"to": [ 11, -3, 10 ],
			"faces": {
				"down": { "uv": [ 0.96, 4.96, 3.04, 7.04 ], "texture": "#mesh_palette" },
				"up": { "uv": [ 0.96, 4.96, 3.04, 7.04 ], "texture": "#mesh_palette" },
				"north": { "uv": [ 0.96, 4.96, 3.04, 7.04 ], "texture": "#mesh_palette" },
				"south": { "uv": [ 0.96, 4.96, 3.04, 7.04 ], "texture": "#mesh_palette" },
				"west": { "uv": [ 0.96, 4.96, 3.04, 7.04 ], "texture": "#mesh_palette" },
				"east": { "uv": [ 0.96, 4.96, 3.04, 7.04 ], "texture": "#mesh_palette" }
			}
		},
		{
			"__comment": "Voxels-1D1D1D",
			"from": [ 6, -2, 7 ],
			"to": [ 7, -1, 8 ],
			"faces": {
				"down": { "uv": [ 12.96, 0.96, 15.04, 3.04 ], "texture": "#mesh_palette" },
				"up": { "uv": [ 12.96, 0.96, 15.04, 3.04 ], "texture": "#mesh_palette" },
				"north": { "uv": [ 12.96, 0.96, 15.04, 3.04 ], "texture": "#mesh_palette" },
				"south": { "uv": [ 12.96, 0.96, 15.04, 3.04 ], "texture": "#mesh_palette" },
				"west": { "uv": [ 12.96, 0.96, 15.04, 3.04 ], "texture": "#mesh_palette" },
				"east": { "uv": [ 12.96, 0.96, 15.04, 3.04 ], "texture": "#mesh_palette" }
			}
		},
		{
			"__comment": "Voxels-1D1D1D",
			"from": [ 6, -2, 9 ],
			"to": [ 7, -1, 10 ],
			"faces": {
				"down": { "uv": [ 12.96, 0.96, 15.04, 3.04 ], "texture": "#mesh_palette" },
				"up": { "uv": [ 12.96, 0.96, 15.04, 3.04 ], "texture": "#mesh_palette" },
				"north": { "uv": [ 12.96, 0.96, 15.04, 3.04 ], "texture": "#mesh_palette" },
				"south": { "uv": [ 12.96, 0.96, 15.04, 3.04 ], "texture": "#mesh_palette" },
				"west": { "uv": [ 12.96, 0.96, 15.04, 3.04 ], "texture": "#mesh_palette" },
				"east": { "uv": [ 12.96, 0.96, 15.04, 3.04 ], "texture": "#mesh_palette" }
			}
		},
		{
			"__comment": "Voxels-000044",
			"from": [ 6, -1, 6 ],
			"to": [ 7, 0, 8 ],
			"faces": {
				"down": { "uv": [ 4.96, 4.96, 7.04, 7.04 ], "texture": "#mesh_palette" },
				"up": { "uv": [ 4.96, 4.96, 7.04, 7.04 ], "texture": "#mesh_palette" },
				"north": { "uv": [ 4.96, 4.96, 7.04, 7.04 ], "texture": "#mesh_palette" },
				"south": { "uv": [ 4.96, 4.96, 7.04, 7.04 ], "texture": "#mesh_palette" },
				"west": { "uv": [ 4.96, 4.96, 7.04, 7.04 ], "texture": "#mesh_palette" },
				"east": { "uv": [ 4.96, 4.96, 7.04, 7.04 ], "texture": "#mesh_palette" }
			}
		},
		{
			"__comment": "Voxels-000044",
			"from": [ 6, -1, 9 ],
			"to": [ 7, 0, 11 ],
			"faces": {
				"down": { "uv": [ 4.96, 4.96, 7.04, 7.04 ], "texture": "#mesh_palette" },
				"up": { "uv": [ 4.96, 4.96, 7.04, 7.04 ], "texture": "#mesh_palette" },
				"north": { "uv": [ 4.96, 4.96, 7.04, 7.04 ], "texture": "#mesh_palette" },
				"south": { "uv": [ 4.96, 4.96, 7.04, 7.04 ], "texture": "#mesh_palette" },
				"west": { "uv": [ 4.96, 4.96, 7.04, 7.04 ], "texture": "#mesh_palette" },
				"east": { "uv": [ 4.96, 4.96, 7.04, 7.04 ], "texture": "#mesh_palette" }
			}
		},
		{
			"__comment": "Voxels-009B9B",
			"from": [ 6, 0, 7 ],
			"to": [ 11, 3, 8 ],
			"faces": {
				"down": { "uv": [ 12.96, 4.96, 15.04, 7.04 ], "texture": "#mesh_palette" },
				"up": { "uv": [ 12.96, 4.96, 15.04, 7.04 ], "texture": "#mesh_palette" },
				"north": { "uv": [ 12.96, 4.96, 15.04, 7.04 ], "texture": "#mesh_palette" },
				"south": { "uv": [ 12.96, 4.96, 15.04, 7.04 ], "texture": "#mesh_palette" },
				"west": { "uv": [ 12.96, 4.96, 15.04, 7.04 ], "texture": "#mesh_palette" },
				"east": { "uv": [ 12.96, 4.96, 15.04, 7.04 ], "texture": "#mesh_palette" }
			}
		},
		{
			"__comment": "Voxels-009B9B",
			"from": [ 6, 0, 9 ],
			"to": [ 11, 3, 10 ],
			"faces": {
				"down": { "uv": [ 12.96, 4.96, 15.04, 7.04 ], "texture": "#mesh_palette" },
				"up": { "uv": [ 12.96, 4.96, 15.04, 7.04 ], "texture": "#mesh_palette" },
				"north": { "uv": [ 12.96, 4.96, 15.04, 7.04 ], "texture": "#mesh_palette" },
				"south": { "uv": [ 12.96, 4.96, 15.04, 7.04 ], "texture": "#mesh_palette" },
				"west": { "uv": [ 12.96, 4.96, 15.04, 7.04 ], "texture": "#mesh_palette" },
				"east": { "uv": [ 12.96, 4.96, 15.04, 7.04 ], "texture": "#mesh_palette" }
			}
		},
		{
			"__comment": "Voxels-000044",
			"from": [ 6, 3, 6 ],
			"to": [ 7, 4, 8 ],
			"faces": {
				"down": { "uv": [ 4.96, 4.96, 7.04, 7.04 ], "texture": "#mesh_palette" },
				"up": { "uv": [ 4.96, 4.96, 7.04, 7.04 ], "texture": "#mesh_palette" },
				"north": { "uv": [ 4.96, 4.96, 7.04, 7.04 ], "texture": "#mesh_palette" },
				"south": { "uv": [ 4.96, 4.96, 7.04, 7.04 ], "texture": "#mesh_palette" },
				"west": { "uv": [ 4.96, 4.96, 7.04, 7.04 ], "texture": "#mesh_palette" },
				"east": { "uv": [ 4.96, 4.96, 7.04, 7.04 ], "texture": "#mesh_palette" }
			}
		},
		{
			"__comment": "Voxels-000044",
			"from": [ 6, 3, 9 ],
			"to": [ 7, 4, 11 ],
			"faces": {
				"down": { "uv": [ 4.96, 4.96, 7.04, 7.04 ], "texture": "#mesh_palette" },
				"up": { "uv": [ 4.96, 4.96, 7.04, 7.04 ], "texture": "#mesh_palette" },
				"north": { "uv": [ 4.96, 4.96, 7.04, 7.04 ], "texture": "#mesh_palette" },
				"south": { "uv": [ 4.96, 4.96, 7.04, 7.04 ], "texture": "#mesh_palette" },
				"west": { "uv": [ 4.96, 4.96, 7.04, 7.04 ], "texture": "#mesh_palette" },
				"east": { "uv": [ 4.96, 4.96, 7.04, 7.04 ], "texture": "#mesh_palette" }
			}
		},
		{
			"__comment": "Voxels-3AC6FF",
			"from": [ 6, 6, 7 ],
			"to": [ 11, 7, 8 ],
			"faces": {
				"down": { "uv": [ 4.96, 8.96, 7.04, 11.04 ], "texture": "#mesh_palette" },
				"up": { "uv": [ 4.96, 8.96, 7.04, 11.04 ], "texture": "#mesh_palette" },
				"north": { "uv": [ 4.96, 8.96, 7.04, 11.04 ], "texture": "#mesh_palette" },
				"south": { "uv": [ 4.96, 8.96, 7.04, 11.04 ], "texture": "#mesh_palette" },
				"west": { "uv": [ 4.96, 8.96, 7.04, 11.04 ], "texture": "#mesh_palette" },
				"east": { "uv": [ 4.96, 8.96, 7.04, 11.04 ], "texture": "#mesh_palette" }
			}
		},
		{
			"__comment": "Voxels-3AC6FF",
			"from": [ 6, 6, 9 ],
			"to": [ 11, 7, 10 ],
			"faces": {
				"down": { "uv": [ 4.96, 8.96, 7.04, 11.04 ], "texture": "#mesh_palette" },
				"up": { "uv": [ 4.96, 8.96, 7.04, 11.04 ], "texture": "#mesh_palette" },
				"north": { "uv": [ 4.96, 8.96, 7.04, 11.04 ], "texture": "#mesh_palette" },
				"south": { "uv": [ 4.96, 8.96, 7.04, 11.04 ], "texture": "#mesh_palette" },
				"west": { "uv": [ 4.96, 8.96, 7.04, 11.04 ], "texture": "#mesh_palette" },
				"east": { "uv": [ 4.96, 8.96, 7.04, 11.04 ], "texture": "#mesh_palette" }
			}
		},
		{
			"__comment": "Voxels-3AC6FF",
			"from": [ 6, 7, 7 ],
			"to": [ 8, 9, 8 ],
			"faces": {
				"down": { "uv": [ 4.96, 8.96, 7.04, 11.04 ], "texture": "#mesh_palette" },
				"up": { "uv": [ 4.96, 8.96, 7.04, 11.04 ], "texture": "#mesh_palette" },
				"north": { "uv": [ 4.96, 8.96, 7.04, 11.04 ], "texture": "#mesh_palette" },
				"south": { "uv": [ 4.96, 8.96, 7.04, 11.04 ], "texture": "#mesh_palette" },
				"west": { "uv": [ 4.96, 8.96, 7.04, 11.04 ], "texture": "#mesh_palette" },
				"east": { "uv": [ 4.96, 8.96, 7.04, 11.04 ], "texture": "#mesh_palette" }
			}
		},
		{
			"__comment": "Voxels-3AC6FF",
			"from": [ 6, 7, 9 ],
			"to": [ 8, 9, 10 ],
			"faces": {
				"down": { "uv": [ 4.96, 8.96, 7.04, 11.04 ], "texture": "#mesh_palette" },
				"up": { "uv": [ 4.96, 8.96, 7.04, 11.04 ], "texture": "#mesh_palette" },
				"north": { "uv": [ 4.96, 8.96, 7.04, 11.04 ], "texture": "#mesh_palette" },
				"south": { "uv": [ 4.96, 8.96, 7.04, 11.04 ], "texture": "#mesh_palette" },
				"west": { "uv": [ 4.96, 8.96, 7.04, 11.04 ], "texture": "#mesh_palette" },
				"east": { "uv": [ 4.96, 8.96, 7.04, 11.04 ], "texture": "#mesh_palette" }
			}
		},
		{
			"__comment": "Voxels-3AC6FF",
			"from": [ 6, 13, 8 ],
			"to": [ 11, 14, 9 ],
			"faces": {
				"down": { "uv": [ 4.96, 8.96, 7.04, 11.04 ], "texture": "#mesh_palette" },
				"up": { "uv": [ 4.96, 8.96, 7.04, 11.04 ], "texture": "#mesh_palette" },
				"north": { "uv": [ 4.96, 8.96, 7.04, 11.04 ], "texture": "#mesh_palette" },
				"south": { "uv": [ 4.96, 8.96, 7.04, 11.04 ], "texture": "#mesh_palette" },
				"west": { "uv": [ 4.96, 8.96, 7.04, 11.04 ], "texture": "#mesh_palette" },
				"east": { "uv": [ 4.96, 8.96, 7.04, 11.04 ], "texture": "#mesh_palette" }
			}
		},
		{
			"__comment": "Voxels-3AC6FF",
			"from": [ 6, 14, 8 ],
			"to": [ 8, 15, 9 ],
			"faces": {
				"down": { "uv": [ 4.96, 8.96, 7.04, 11.04 ], "texture": "#mesh_palette" },
				"up": { "uv": [ 4.96, 8.96, 7.04, 11.04 ], "texture": "#mesh_palette" },
				"north": { "uv": [ 4.96, 8.96, 7.04, 11.04 ], "texture": "#mesh_palette" },
				"south": { "uv": [ 4.96, 8.96, 7.04, 11.04 ], "texture": "#mesh_palette" },
				"west": { "uv": [ 4.96, 8.96, 7.04, 11.04 ], "texture": "#mesh_palette" },
				"east": { "uv": [ 4.96, 8.96, 7.04, 11.04 ], "texture": "#mesh_palette" }
			}
		},
		{
			"__comment": "Voxels-3AC6FF",
			"from": [ 6, 19, 8 ],
			"to": [ 11, 21, 9 ],
			"faces": {
				"down": { "uv": [ 4.96, 8.96, 7.04, 11.04 ], "texture": "#mesh_palette" },
				"up": { "uv": [ 4.96, 8.96, 7.04, 11.04 ], "texture": "#mesh_palette" },
				"north": { "uv": [ 4.96, 8.96, 7.04, 11.04 ], "texture": "#mesh_palette" },
				"south": { "uv": [ 4.96, 8.96, 7.04, 11.04 ], "texture": "#mesh_palette" },
				"west": { "uv": [ 4.96, 8.96, 7.04, 11.04 ], "texture": "#mesh_palette" },
				"east": { "uv": [ 4.96, 8.96, 7.04, 11.04 ], "texture": "#mesh_palette" }
			}
		},
		{
			"__comment": "Voxels-3AC6FF",
			"from": [ 6, 21, 8 ],
			"to": [ 8, 22, 9 ],
			"faces": {
				"down": { "uv": [ 4.96, 8.96, 7.04, 11.04 ], "texture": "#mesh_palette" },
				"up": { "uv": [ 4.96, 8.96, 7.04, 11.04 ], "texture": "#mesh_palette" },
				"north": { "uv": [ 4.96, 8.96, 7.04, 11.04 ], "texture": "#mesh_palette" },
				"south": { "uv": [ 4.96, 8.96, 7.04, 11.04 ], "texture": "#mesh_palette" },
				"west": { "uv": [ 4.96, 8.96, 7.04, 11.04 ], "texture": "#mesh_palette" },
				"east": { "uv": [ 4.96, 8.96, 7.04, 11.04 ], "texture": "#mesh_palette" }
			}
		},
		{
			"__comment": "Voxels-1D1D1D",
			"from": [ 7, -15, 7 ],
			"to": [ 10, -14, 8 ],
			"faces": {
				"down": { "uv": [ 12.96, 0.96, 15.04, 3.04 ], "texture": "#mesh_palette" },
				"up": { "uv": [ 12.96, 0.96, 15.04, 3.04 ], "texture": "#mesh_palette" },
				"north": { "uv": [ 12.96, 0.96, 15.04, 3.04 ], "texture": "#mesh_palette" },
				"south": { "uv": [ 12.96, 0.96, 15.04, 3.04 ], "texture": "#mesh_palette" },
				"west": { "uv": [ 12.96, 0.96, 15.04, 3.04 ], "texture": "#mesh_palette" },
				"east": { "uv": [ 12.96, 0.96, 15.04, 3.04 ], "texture": "#mesh_palette" }
			}
		},
		{
			"__comment": "Voxels-1D1D1D",
			"from": [ 7, -15, 9 ],
			"to": [ 10, -14, 10 ],
			"faces": {
				"down": { "uv": [ 12.96, 0.96, 15.04, 3.04 ], "texture": "#mesh_palette" },
				"up": { "uv": [ 12.96, 0.96, 15.04, 3.04 ], "texture": "#mesh_palette" },
				"north": { "uv": [ 12.96, 0.96, 15.04, 3.04 ], "texture": "#mesh_palette" },
				"south": { "uv": [ 12.96, 0.96, 15.04, 3.04 ], "texture": "#mesh_palette" },
				"west": { "uv": [ 12.96, 0.96, 15.04, 3.04 ], "texture": "#mesh_palette" },
				"east": { "uv": [ 12.96, 0.96, 15.04, 3.04 ], "texture": "#mesh_palette" }
			}
		},
		{
			"__comment": "Voxels-301900",
			"from": [ 7, -14, 8 ],
			"to": [ 10, -5, 9 ],
			"faces": {
				"down": { "uv": [ 8.96, 4.96, 11.04, 7.04 ], "texture": "#mesh_palette" },
				"up": { "uv": [ 8.96, 4.96, 11.04, 7.04 ], "texture": "#mesh_palette" },
				"north": { "uv": [ 8.96, 4.96, 11.04, 7.04 ], "texture": "#mesh_palette" },
				"south": { "uv": [ 8.96, 4.96, 11.04, 7.04 ], "texture": "#mesh_palette" },
				"west": { "uv": [ 8.96, 4.96, 11.04, 7.04 ], "texture": "#mesh_palette" },
				"east": { "uv": [ 8.96, 4.96, 11.04, 7.04 ], "texture": "#mesh_palette" }
			}
		},
		{
			"__comment": "Voxels-301900",
			"from": [ 7, -12, 7 ],
			"to": [ 10, -11, 8 ],
			"faces": {
				"down": { "uv": [ 8.96, 4.96, 11.04, 7.04 ], "texture": "#mesh_palette" },
				"up": { "uv": [ 8.96, 4.96, 11.04, 7.04 ], "texture": "#mesh_palette" },
				"north": { "uv": [ 8.96, 4.96, 11.04, 7.04 ], "texture": "#mesh_palette" },
				"south": { "uv": [ 8.96, 4.96, 11.04, 7.04 ], "texture": "#mesh_palette" },
				"west": { "uv": [ 8.96, 4.96, 11.04, 7.04 ], "texture": "#mesh_palette" },
				"east": { "uv": [ 8.96, 4.96, 11.04, 7.04 ], "texture": "#mesh_palette" }
			}
		},
		{
			"__comment": "Voxels-301900",
			"from": [ 7, -12, 9 ],
			"to": [ 10, -11, 10 ],
			"faces": {
				"down": { "uv": [ 8.96, 4.96, 11.04, 7.04 ], "texture": "#mesh_palette" },
				"up": { "uv": [ 8.96, 4.96, 11.04, 7.04 ], "texture": "#mesh_palette" },
				"north": { "uv": [ 8.96, 4.96, 11.04, 7.04 ], "texture": "#mesh_palette" },
				"south": { "uv": [ 8.96, 4.96, 11.04, 7.04 ], "texture": "#mesh_palette" },
				"west": { "uv": [ 8.96, 4.96, 11.04, 7.04 ], "texture": "#mesh_palette" },
				"east": { "uv": [ 8.96, 4.96, 11.04, 7.04 ], "texture": "#mesh_palette" }
			}
		},
		{
			"__comment": "Voxels-301900",
			"from": [ 7, -9, 7 ],
			"to": [ 10, -7, 8 ],
			"faces": {
				"down": { "uv": [ 8.96, 4.96, 11.04, 7.04 ], "texture": "#mesh_palette" },
				"up": { "uv": [ 8.96, 4.96, 11.04, 7.04 ], "texture": "#mesh_palette" },
				"north": { "uv": [ 8.96, 4.96, 11.04, 7.04 ], "texture": "#mesh_palette" },
				"south": { "uv": [ 8.96, 4.96, 11.04, 7.04 ], "texture": "#mesh_palette" },
				"west": { "uv": [ 8.96, 4.96, 11.04, 7.04 ], "texture": "#mesh_palette" },
				"east": { "uv": [ 8.96, 4.96, 11.04, 7.04 ], "texture": "#mesh_palette" }
			}
		},
		{
			"__comment": "Voxels-301900",
			"from": [ 7, -9, 9 ],
			"to": [ 10, -7, 10 ],
			"faces": {
				"down": { "uv": [ 8.96, 4.96, 11.04, 7.04 ], "texture": "#mesh_palette" },
				"up": { "uv": [ 8.96, 4.96, 11.04, 7.04 ], "texture": "#mesh_palette" },
				"north": { "uv": [ 8.96, 4.96, 11.04, 7.04 ], "texture": "#mesh_palette" },
				"south": { "uv": [ 8.96, 4.96, 11.04, 7.04 ], "texture": "#mesh_palette" },
				"west": { "uv": [ 8.96, 4.96, 11.04, 7.04 ], "texture": "#mesh_palette" },
				"east": { "uv": [ 8.96, 4.96, 11.04, 7.04 ], "texture": "#mesh_palette" }
			}
		},
		{
			"__comment": "Voxels-301900",
			"from": [ 7, -5, 7 ],
			"to": [ 10, -4, 8 ],
			"faces": {
				"down": { "uv": [ 8.96, 4.96, 11.04, 7.04 ], "texture": "#mesh_palette" },
				"up": { "uv": [ 8.96, 4.96, 11.04, 7.04 ], "texture": "#mesh_palette" },
				"north": { "uv": [ 8.96, 4.96, 11.04, 7.04 ], "texture": "#mesh_palette" },
				"south": { "uv": [ 8.96, 4.96, 11.04, 7.04 ], "texture": "#mesh_palette" },
				"west": { "uv": [ 8.96, 4.96, 11.04, 7.04 ], "texture": "#mesh_palette" },
				"east": { "uv": [ 8.96, 4.96, 11.04, 7.04 ], "texture": "#mesh_palette" }
			}
		},
		{
			"__comment": "Voxels-301900",
			"from": [ 7, -5, 8 ],
			"to": [ 8, -4, 10 ],
			"faces": {
				"down": { "uv": [ 8.96, 4.96, 11.04, 7.04 ], "texture": "#mesh_palette" },
				"up": { "uv": [ 8.96, 4.96, 11.04, 7.04 ], "texture": "#mesh_palette" },
				"north": { "uv": [ 8.96, 4.96, 11.04, 7.04 ], "texture": "#mesh_palette" },
				"south": { "uv": [ 8.96, 4.96, 11.04, 7.04 ], "texture": "#mesh_palette" },
				"west": { "uv": [ 8.96, 4.96, 11.04, 7.04 ], "texture": "#mesh_palette" },
				"east": { "uv": [ 8.96, 4.96, 11.04, 7.04 ], "texture": "#mesh_palette" }
			}
		},
		{
			"__comment": "Voxels-2C2C2C",
			"from": [ 7, -4, 6 ],
			"to": [ 10, -3, 7 ],
			"faces": {
				"down": { "uv": [ 0.96, 4.96, 3.04, 7.04 ], "texture": "#mesh_palette" },
				"up": { "uv": [ 0.96, 4.96, 3.04, 7.04 ], "texture": "#mesh_palette" },
				"north": { "uv": [ 0.96, 4.96, 3.04, 7.04 ], "texture": "#mesh_palette" },
				"south": { "uv": [ 0.96, 4.96, 3.04, 7.04 ], "texture": "#mesh_palette" },
				"west": { "uv": [ 0.96, 4.96, 3.04, 7.04 ], "texture": "#mesh_palette" },
				"east": { "uv": [ 0.96, 4.96, 3.04, 7.04 ], "texture": "#mesh_palette" }
			}
		},
		{
			"__comment": "Voxels-2C2C2C",
			"from": [ 7, -4, 10 ],
			"to": [ 10, -3, 11 ],
			"faces": {
				"down": { "uv": [ 0.96, 4.96, 3.04, 7.04 ], "texture": "#mesh_palette" },
				"up": { "uv": [ 0.96, 4.96, 3.04, 7.04 ], "texture": "#mesh_palette" },
				"north": { "uv": [ 0.96, 4.96, 3.04, 7.04 ], "texture": "#mesh_palette" },
				"south": { "uv": [ 0.96, 4.96, 3.04, 7.04 ], "texture": "#mesh_palette" },
				"west": { "uv": [ 0.96, 4.96, 3.04, 7.04 ], "texture": "#mesh_palette" },
				"east": { "uv": [ 0.96, 4.96, 3.04, 7.04 ], "texture": "#mesh_palette" }
			}
		},
		{
			"__comment": "Voxels-1D1D1D",
			"from": [ 7, -3, 7 ],
			"to": [ 8, -2, 10 ],
			"faces": {
				"down": { "uv": [ 12.96, 0.96, 15.04, 3.04 ], "texture": "#mesh_palette" },
				"up": { "uv": [ 12.96, 0.96, 15.04, 3.04 ], "texture": "#mesh_palette" },
				"north": { "uv": [ 12.96, 0.96, 15.04, 3.04 ], "texture": "#mesh_palette" },
				"south": { "uv": [ 12.96, 0.96, 15.04, 3.04 ], "texture": "#mesh_palette" },
				"west": { "uv": [ 12.96, 0.96, 15.04, 3.04 ], "texture": "#mesh_palette" },
				"east": { "uv": [ 12.96, 0.96, 15.04, 3.04 ], "texture": "#mesh_palette" }
			}
		},
		{
			"__comment": "Voxels-000044",
			"from": [ 7, -2, 6 ],
			"to": [ 8, -1, 8 ],
			"faces": {
				"down": { "uv": [ 4.96, 4.96, 7.04, 7.04 ], "texture": "#mesh_palette" },
				"up": { "uv": [ 4.96, 4.96, 7.04, 7.04 ], "texture": "#mesh_palette" },
				"north": { "uv": [ 4.96, 4.96, 7.04, 7.04 ], "texture": "#mesh_palette" },
				"south": { "uv": [ 4.96, 4.96, 7.04, 7.04 ], "texture": "#mesh_palette" },
				"west": { "uv": [ 4.96, 4.96, 7.04, 7.04 ], "texture": "#mesh_palette" },
				"east": { "uv": [ 4.96, 4.96, 7.04, 7.04 ], "texture": "#mesh_palette" }
			}
		},
		{
			"__comment": "Voxels-000044",
			"from": [ 7, -2, 9 ],
			"to": [ 8, -1, 11 ],
			"faces": {
				"down": { "uv": [ 4.96, 4.96, 7.04, 7.04 ], "texture": "#mesh_palette" },
				"up": { "uv": [ 4.96, 4.96, 7.04, 7.04 ], "texture": "#mesh_palette" },
				"north": { "uv": [ 4.96, 4.96, 7.04, 7.04 ], "texture": "#mesh_palette" },
				"south": { "uv": [ 4.96, 4.96, 7.04, 7.04 ], "texture": "#mesh_palette" },
				"west": { "uv": [ 4.96, 4.96, 7.04, 7.04 ], "texture": "#mesh_palette" },
				"east": { "uv": [ 4.96, 4.96, 7.04, 7.04 ], "texture": "#mesh_palette" }
			}
		},
		{
			"__comment": "Voxels-009B9B",
			"from": [ 7, -1, 7 ],
			"to": [ 10, 0, 8 ],
			"faces": {
				"down": { "uv": [ 12.96, 4.96, 15.04, 7.04 ], "texture": "#mesh_palette" },
				"up": { "uv": [ 12.96, 4.96, 15.04, 7.04 ], "texture": "#mesh_palette" },
				"north": { "uv": [ 12.96, 4.96, 15.04, 7.04 ], "texture": "#mesh_palette" },
				"south": { "uv": [ 12.96, 4.96, 15.04, 7.04 ], "texture": "#mesh_palette" },
				"west": { "uv": [ 12.96, 4.96, 15.04, 7.04 ], "texture": "#mesh_palette" },
				"east": { "uv": [ 12.96, 4.96, 15.04, 7.04 ], "texture": "#mesh_palette" }
			}
		},
		{
			"__comment": "Voxels-009B9B",
			"from": [ 7, -1, 9 ],
			"to": [ 10, 0, 10 ],
			"faces": {
				"down": { "uv": [ 12.96, 4.96, 15.04, 7.04 ], "texture": "#mesh_palette" },
				"up": { "uv": [ 12.96, 4.96, 15.04, 7.04 ], "texture": "#mesh_palette" },
				"north": { "uv": [ 12.96, 4.96, 15.04, 7.04 ], "texture": "#mesh_palette" },
				"south": { "uv": [ 12.96, 4.96, 15.04, 7.04 ], "texture": "#mesh_palette" },
				"west": { "uv": [ 12.96, 4.96, 15.04, 7.04 ], "texture": "#mesh_palette" },
				"east": { "uv": [ 12.96, 4.96, 15.04, 7.04 ], "texture": "#mesh_palette" }
			}
		},
		{
			"__comment": "Voxels-005679",
			"from": [ 7, 1, 6 ],
			"to": [ 10, 2, 7 ],
			"faces": {
				"down": { "uv": [ 8.96, 8.96, 11.04, 11.04 ], "texture": "#mesh_palette" },
				"up": { "uv": [ 8.96, 8.96, 11.04, 11.04 ], "texture": "#mesh_palette" },
				"north": { "uv": [ 8.96, 8.96, 11.04, 11.04 ], "texture": "#mesh_palette" },
				"south": { "uv": [ 8.96, 8.96, 11.04, 11.04 ], "texture": "#mesh_palette" },
				"west": { "uv": [ 8.96, 8.96, 11.04, 11.04 ], "texture": "#mesh_palette" },
				"east": { "uv": [ 8.96, 8.96, 11.04, 11.04 ], "texture": "#mesh_palette" }
			}
		},
		{
			"__comment": "Voxels-005679",
			"from": [ 7, 1, 10 ],
			"to": [ 10, 2, 11 ],
			"faces": {
				"down": { "uv": [ 8.96, 8.96, 11.04, 11.04 ], "texture": "#mesh_palette" },
				"up": { "uv": [ 8.96, 8.96, 11.04, 11.04 ], "texture": "#mesh_palette" },
				"north": { "uv": [ 8.96, 8.96, 11.04, 11.04 ], "texture": "#mesh_palette" },
				"south": { "uv": [ 8.96, 8.96, 11.04, 11.04 ], "texture": "#mesh_palette" },
				"west": { "uv": [ 8.96, 8.96, 11.04, 11.04 ], "texture": "#mesh_palette" },
				"east": { "uv": [ 8.96, 8.96, 11.04, 11.04 ], "texture": "#mesh_palette" }
			}
		},
		{
			"__comment": "Voxels-009B9B",
			"from": [ 7, 3, 7 ],
			"to": [ 10, 4, 8 ],
			"faces": {
				"down": { "uv": [ 12.96, 4.96, 15.04, 7.04 ], "texture": "#mesh_palette" },
				"up": { "uv": [ 12.96, 4.96, 15.04, 7.04 ], "texture": "#mesh_palette" },
				"north": { "uv": [ 12.96, 4.96, 15.04, 7.04 ], "texture": "#mesh_palette" },
				"south": { "uv": [ 12.96, 4.96, 15.04, 7.04 ], "texture": "#mesh_palette" },
				"west": { "uv": [ 12.96, 4.96, 15.04, 7.04 ], "texture": "#mesh_palette" },
				"east": { "uv": [ 12.96, 4.96, 15.04, 7.04 ], "texture": "#mesh_palette" }
			}
		},
		{
			"__comment": "Voxels-009B9B",
			"from": [ 7, 3, 9 ],
			"to": [ 10, 4, 10 ],
			"faces": {
				"down": { "uv": [ 12.96, 4.96, 15.04, 7.04 ], "texture": "#mesh_palette" },
				"up": { "uv": [ 12.96, 4.96, 15.04, 7.04 ], "texture": "#mesh_palette" },
				"north": { "uv": [ 12.96, 4.96, 15.04, 7.04 ], "texture": "#mesh_palette" },
				"south": { "uv": [ 12.96, 4.96, 15.04, 7.04 ], "texture": "#mesh_palette" },
				"west": { "uv": [ 12.96, 4.96, 15.04, 7.04 ], "texture": "#mesh_palette" },
				"east": { "uv": [ 12.96, 4.96, 15.04, 7.04 ], "texture": "#mesh_palette" }
			}
		},
		{
			"__comment": "Voxels-000044",
			"from": [ 7, 4, 6 ],
			"to": [ 10, 5, 8 ],
			"faces": {
				"down": { "uv": [ 4.96, 4.96, 7.04, 7.04 ], "texture": "#mesh_palette" },
				"up": { "uv": [ 4.96, 4.96, 7.04, 7.04 ], "texture": "#mesh_palette" },
				"north": { "uv": [ 4.96, 4.96, 7.04, 7.04 ], "texture": "#mesh_palette" },
				"south": { "uv": [ 4.96, 4.96, 7.04, 7.04 ], "texture": "#mesh_palette" },
				"west": { "uv": [ 4.96, 4.96, 7.04, 7.04 ], "texture": "#mesh_palette" },
				"east": { "uv": [ 4.96, 4.96, 7.04, 7.04 ], "texture": "#mesh_palette" }
			}
		},
		{
			"__comment": "Voxels-000044",
			"from": [ 7, 4, 9 ],
			"to": [ 10, 5, 11 ],
			"faces": {
				"down": { "uv": [ 4.96, 4.96, 7.04, 7.04 ], "texture": "#mesh_palette" },
				"up": { "uv": [ 4.96, 4.96, 7.04, 7.04 ], "texture": "#mesh_palette" },
				"north": { "uv": [ 4.96, 4.96, 7.04, 7.04 ], "texture": "#mesh_palette" },
				"south": { "uv": [ 4.96, 4.96, 7.04, 7.04 ], "texture": "#mesh_palette" },
				"west": { "uv": [ 4.96, 4.96, 7.04, 7.04 ], "texture": "#mesh_palette" },
				"east": { "uv": [ 4.96, 4.96, 7.04, 7.04 ], "texture": "#mesh_palette" }
			}
		},
		{
			"__comment": "Voxels-3AC6FF",
			"from": [ 7, 5, 7 ],
			"to": [ 10, 6, 8 ],
			"faces": {
				"down": { "uv": [ 4.96, 8.96, 7.04, 11.04 ], "texture": "#mesh_palette" },
				"up": { "uv": [ 4.96, 8.96, 7.04, 11.04 ], "texture": "#mesh_palette" },
				"north": { "uv": [ 4.96, 8.96, 7.04, 11.04 ], "texture": "#mesh_palette" },
				"south": { "uv": [ 4.96, 8.96, 7.04, 11.04 ], "texture": "#mesh_palette" },
				"west": { "uv": [ 4.96, 8.96, 7.04, 11.04 ], "texture": "#mesh_palette" },
				"east": { "uv": [ 4.96, 8.96, 7.04, 11.04 ], "texture": "#mesh_palette" }
			}
		},
		{
			"__comment": "Voxels-3AC6FF",
			"from": [ 7, 5, 9 ],
			"to": [ 10, 6, 10 ],
			"faces": {
				"down": { "uv": [ 4.96, 8.96, 7.04, 11.04 ], "texture": "#mesh_palette" },
				"up": { "uv": [ 4.96, 8.96, 7.04, 11.04 ], "texture": "#mesh_palette" },
				"north": { "uv": [ 4.96, 8.96, 7.04, 11.04 ], "texture": "#mesh_palette" },
				"south": { "uv": [ 4.96, 8.96, 7.04, 11.04 ], "texture": "#mesh_palette" },
				"west": { "uv": [ 4.96, 8.96, 7.04, 11.04 ], "texture": "#mesh_palette" },
				"east": { "uv": [ 4.96, 8.96, 7.04, 11.04 ], "texture": "#mesh_palette" }
			}
		},
		{
			"__comment": "Voxels-3AC6FF",
			"from": [ 7, 9, 7 ],
			"to": [ 8, 14, 8 ],
			"faces": {
				"down": { "uv": [ 4.96, 8.96, 7.04, 11.04 ], "texture": "#mesh_palette" },
				"up": { "uv": [ 4.96, 8.96, 7.04, 11.04 ], "texture": "#mesh_palette" },
				"north": { "uv": [ 4.96, 8.96, 7.04, 11.04 ], "texture": "#mesh_palette" },
				"south": { "uv": [ 4.96, 8.96, 7.04, 11.04 ], "texture": "#mesh_palette" },
				"west": { "uv": [ 4.96, 8.96, 7.04, 11.04 ], "texture": "#mesh_palette" },
				"east": { "uv": [ 4.96, 8.96, 7.04, 11.04 ], "texture": "#mesh_palette" }
			}
		},
		{
			"__comment": "Voxels-3AC6FF",
			"from": [ 7, 9, 9 ],
			"to": [ 8, 14, 10 ],
			"faces": {
				"down": { "uv": [ 4.96, 8.96, 7.04, 11.04 ], "texture": "#mesh_palette" },
				"up": { "uv": [ 4.96, 8.96, 7.04, 11.04 ], "texture": "#mesh_palette" },
				"north": { "uv": [ 4.96, 8.96, 7.04, 11.04 ], "texture": "#mesh_palette" },
				"south": { "uv": [ 4.96, 8.96, 7.04, 11.04 ], "texture": "#mesh_palette" },
				"west": { "uv": [ 4.96, 8.96, 7.04, 11.04 ], "texture": "#mesh_palette" },
				"east": { "uv": [ 4.96, 8.96, 7.04, 11.04 ], "texture": "#mesh_palette" }
			}
		},
		{
			"__comment": "Voxels-3AC6FF",
			"from": [ 7, 18, 7 ],
			"to": [ 10, 19, 8 ],
			"faces": {
				"down": { "uv": [ 4.96, 8.96, 7.04, 11.04 ], "texture": "#mesh_palette" },
				"up": { "uv": [ 4.96, 8.96, 7.04, 11.04 ], "texture": "#mesh_palette" },
				"north": { "uv": [ 4.96, 8.96, 7.04, 11.04 ], "texture": "#mesh_palette" },
				"south": { "uv": [ 4.96, 8.96, 7.04, 11.04 ], "texture": "#mesh_palette" },
				"west": { "uv": [ 4.96, 8.96, 7.04, 11.04 ], "texture": "#mesh_palette" },
				"east": { "uv": [ 4.96, 8.96, 7.04, 11.04 ], "texture": "#mesh_palette" }
			}
		},
		{
			"__comment": "Voxels-3AC6FF",
			"from": [ 7, 18, 9 ],
			"to": [ 10, 19, 10 ],
			"faces": {
				"down": { "uv": [ 4.96, 8.96, 7.04, 11.04 ], "texture": "#mesh_palette" },
				"up": { "uv": [ 4.96, 8.96, 7.04, 11.04 ], "texture": "#mesh_palette" },
				"north": { "uv": [ 4.96, 8.96, 7.04, 11.04 ], "texture": "#mesh_palette" },
				"south": { "uv": [ 4.96, 8.96, 7.04, 11.04 ], "texture": "#mesh_palette" },
				"west": { "uv": [ 4.96, 8.96, 7.04, 11.04 ], "texture": "#mesh_palette" },
				"east": { "uv": [ 4.96, 8.96, 7.04, 11.04 ], "texture": "#mesh_palette" }
			}
		},
		{
			"__comment": "Voxels-3AC6FF",
			"from": [ 7, 19, 7 ],
			"to": [ 8, 23, 8 ],
			"faces": {
				"down": { "uv": [ 4.96, 8.96, 7.04, 11.04 ], "texture": "#mesh_palette" },
				"up": { "uv": [ 4.96, 8.96, 7.04, 11.04 ], "texture": "#mesh_palette" },
				"north": { "uv": [ 4.96, 8.96, 7.04, 11.04 ], "texture": "#mesh_palette" },
				"south": { "uv": [ 4.96, 8.96, 7.04, 11.04 ], "texture": "#mesh_palette" },
				"west": { "uv": [ 4.96, 8.96, 7.04, 11.04 ], "texture": "#mesh_palette" },
				"east": { "uv": [ 4.96, 8.96, 7.04, 11.04 ], "texture": "#mesh_palette" }
			}
		},
		{
			"__comment": "Voxels-3AC6FF",
			"from": [ 7, 19, 9 ],
			"to": [ 8, 23, 10 ],
			"faces": {
				"down": { "uv": [ 4.96, 8.96, 7.04, 11.04 ], "texture": "#mesh_palette" },
				"up": { "uv": [ 4.96, 8.96, 7.04, 11.04 ], "texture": "#mesh_palette" },
				"north": { "uv": [ 4.96, 8.96, 7.04, 11.04 ], "texture": "#mesh_palette" },
				"south": { "uv": [ 4.96, 8.96, 7.04, 11.04 ], "texture": "#mesh_palette" },
				"west": { "uv": [ 4.96, 8.96, 7.04, 11.04 ], "texture": "#mesh_palette" },
				"east": { "uv": [ 4.96, 8.96, 7.04, 11.04 ], "texture": "#mesh_palette" }
			}
		},
		{
			"__comment": "Voxels-3AC6FF",
			"from": [ 7, 23, 8 ],
			"to": [ 8, 29, 9 ],
			"faces": {
				"down": { "uv": [ 4.96, 8.96, 7.04, 11.04 ], "texture": "#mesh_palette" },
				"up": { "uv": [ 4.96, 8.96, 7.04, 11.04 ], "texture": "#mesh_palette" },
				"north": { "uv": [ 4.96, 8.96, 7.04, 11.04 ], "texture": "#mesh_palette" },
				"south": { "uv": [ 4.96, 8.96, 7.04, 11.04 ], "texture": "#mesh_palette" },
				"west": { "uv": [ 4.96, 8.96, 7.04, 11.04 ], "texture": "#mesh_palette" },
				"east": { "uv": [ 4.96, 8.96, 7.04, 11.04 ], "texture": "#mesh_palette" }
			}
		},
		{
			"__comment": "Voxels-0045B8",
			"from": [ 7, 27, 9 ],
			"to": [ 8, 28, 10 ],
			"faces": {
				"down": { "uv": [ 12.96, 8.96, 15.04, 11.04 ], "texture": "#mesh_palette" },
				"up": { "uv": [ 12.96, 8.96, 15.04, 11.04 ], "texture": "#mesh_palette" },
				"north": { "uv": [ 12.96, 8.96, 15.04, 11.04 ], "texture": "#mesh_palette" },
				"south": { "uv": [ 12.96, 8.96, 15.04, 11.04 ], "texture": "#mesh_palette" },
				"west": { "uv": [ 12.96, 8.96, 15.04, 11.04 ], "texture": "#mesh_palette" },
				"east": { "uv": [ 12.96, 8.96, 15.04, 11.04 ], "texture": "#mesh_palette" }
			}
		},
		{
			"__comment": "Voxels-1D1D1D",
			"from": [ 8, -16, 6 ],
			"to": [ 9, -15, 7 ],
			"faces": {
				"down": { "uv": [ 12.96, 0.96, 15.04, 3.04 ], "texture": "#mesh_palette" },
				"up": { "uv": [ 12.96, 0.96, 15.04, 3.04 ], "texture": "#mesh_palette" },
				"north": { "uv": [ 12.96, 0.96, 15.04, 3.04 ], "texture": "#mesh_palette" },
				"south": { "uv": [ 12.96, 0.96, 15.04, 3.04 ], "texture": "#mesh_palette" },
				"west": { "uv": [ 12.96, 0.96, 15.04, 3.04 ], "texture": "#mesh_palette" },
				"east": { "uv": [ 12.96, 0.96, 15.04, 3.04 ], "texture": "#mesh_palette" }
			}
		},
		{
			"__comment": "Voxels-1D1D1D",
			"from": [ 8, -16, 10 ],
			"to": [ 9, -15, 11 ],
			"faces": {
				"down": { "uv": [ 12.96, 0.96, 15.04, 3.04 ], "texture": "#mesh_palette" },
				"up": { "uv": [ 12.96, 0.96, 15.04, 3.04 ], "texture": "#mesh_palette" },
				"north": { "uv": [ 12.96, 0.96, 15.04, 3.04 ], "texture": "#mesh_palette" },
				"south": { "uv": [ 12.96, 0.96, 15.04, 3.04 ], "texture": "#mesh_palette" },
				"west": { "uv": [ 12.96, 0.96, 15.04, 3.04 ], "texture": "#mesh_palette" },
				"east": { "uv": [ 12.96, 0.96, 15.04, 3.04 ], "texture": "#mesh_palette" }
			}
		},
		{
			"__comment": "Voxels-000000",
			"from": [ 8, -15, 8 ],
			"to": [ 9, -14, 9 ],
			"faces": {
				"down": { "uv": [ 0.96, 8.96, 3.04, 11.04 ], "texture": "#mesh_palette" },
				"up": { "uv": [ 0.96, 8.96, 3.04, 11.04 ], "texture": "#mesh_palette" },
				"north": { "uv": [ 0.96, 8.96, 3.04, 11.04 ], "texture": "#mesh_palette" },
				"south": { "uv": [ 0.96, 8.96, 3.04, 11.04 ], "texture": "#mesh_palette" },
				"west": { "uv": [ 0.96, 8.96, 3.04, 11.04 ], "texture": "#mesh_palette" },
				"east": { "uv": [ 0.96, 8.96, 3.04, 11.04 ], "texture": "#mesh_palette" }
			}
		},
		{
			"__comment": "Voxels-301900",
			"from": [ 8, -14, 7 ],
			"to": [ 9, -12, 8 ],
			"faces": {
				"down": { "uv": [ 8.96, 4.96, 11.04, 7.04 ], "texture": "#mesh_palette" },
				"up": { "uv": [ 8.96, 4.96, 11.04, 7.04 ], "texture": "#mesh_palette" },
				"north": { "uv": [ 8.96, 4.96, 11.04, 7.04 ], "texture": "#mesh_palette" },
				"south": { "uv": [ 8.96, 4.96, 11.04, 7.04 ], "texture": "#mesh_palette" },
				"west": { "uv": [ 8.96, 4.96, 11.04, 7.04 ], "texture": "#mesh_palette" },
				"east": { "uv": [ 8.96, 4.96, 11.04, 7.04 ], "texture": "#mesh_palette" }
			}
		},
		{
			"__comment": "Voxels-301900",
			"from": [ 8, -14, 9 ],
			"to": [ 9, -12, 10 ],
			"faces": {
				"down": { "uv": [ 8.96, 4.96, 11.04, 7.04 ], "texture": "#mesh_palette" },
				"up": { "uv": [ 8.96, 4.96, 11.04, 7.04 ], "texture": "#mesh_palette" },
				"north": { "uv": [ 8.96, 4.96, 11.04, 7.04 ], "texture": "#mesh_palette" },
				"south": { "uv": [ 8.96, 4.96, 11.04, 7.04 ], "texture": "#mesh_palette" },
				"west": { "uv": [ 8.96, 4.96, 11.04, 7.04 ], "texture": "#mesh_palette" },
				"east": { "uv": [ 8.96, 4.96, 11.04, 7.04 ], "texture": "#mesh_palette" }
			}
		},
		{
			"__comment": "Voxels-301900",
			"from": [ 8, -11, 7 ],
			"to": [ 9, -9, 8 ],
			"faces": {
				"down": { "uv": [ 8.96, 4.96, 11.04, 7.04 ], "texture": "#mesh_palette" },
				"up": { "uv": [ 8.96, 4.96, 11.04, 7.04 ], "texture": "#mesh_palette" },
				"north": { "uv": [ 8.96, 4.96, 11.04, 7.04 ], "texture": "#mesh_palette" },
				"south": { "uv": [ 8.96, 4.96, 11.04, 7.04 ], "texture": "#mesh_palette" },
				"west": { "uv": [ 8.96, 4.96, 11.04, 7.04 ], "texture": "#mesh_palette" },
				"east": { "uv": [ 8.96, 4.96, 11.04, 7.04 ], "texture": "#mesh_palette" }
			}
		},
		{
			"__comment": "Voxels-301900",
			"from": [ 8, -11, 9 ],
			"to": [ 9, -9, 10 ],
			"faces": {
				"down": { "uv": [ 8.96, 4.96, 11.04, 7.04 ], "texture": "#mesh_palette" },
				"up": { "uv": [ 8.96, 4.96, 11.04, 7.04 ], "texture": "#mesh_palette" },
				"north": { "uv": [ 8.96, 4.96, 11.04, 7.04 ], "texture": "#mesh_palette" },
				"south": { "uv": [ 8.96, 4.96, 11.04, 7.04 ], "texture": "#mesh_palette" },
				"west": { "uv": [ 8.96, 4.96, 11.04, 7.04 ], "texture": "#mesh_palette" },
				"east": { "uv": [ 8.96, 4.96, 11.04, 7.04 ], "texture": "#mesh_palette" }
			}
		},
		{
			"__comment": "Voxels-301900",
			"from": [ 8, -7, 7 ],
			"to": [ 9, -5, 8 ],
			"faces": {
				"down": { "uv": [ 8.96, 4.96, 11.04, 7.04 ], "texture": "#mesh_palette" },
				"up": { "uv": [ 8.96, 4.96, 11.04, 7.04 ], "texture": "#mesh_palette" },
				"north": { "uv": [ 8.96, 4.96, 11.04, 7.04 ], "texture": "#mesh_palette" },
				"south": { "uv": [ 8.96, 4.96, 11.04, 7.04 ], "texture": "#mesh_palette" },
				"west": { "uv": [ 8.96, 4.96, 11.04, 7.04 ], "texture": "#mesh_palette" },
				"east": { "uv": [ 8.96, 4.96, 11.04, 7.04 ], "texture": "#mesh_palette" }
			}
		},
		{
			"__comment": "Voxels-301900",
			"from": [ 8, -7, 9 ],
			"to": [ 9, -4, 10 ],
			"faces": {
				"down": { "uv": [ 8.96, 4.96, 11.04, 7.04 ], "texture": "#mesh_palette" },
				"up": { "uv": [ 8.96, 4.96, 11.04, 7.04 ], "texture": "#mesh_palette" },
				"north": { "uv": [ 8.96, 4.96, 11.04, 7.04 ], "texture": "#mesh_palette" },
				"south": { "uv": [ 8.96, 4.96, 11.04, 7.04 ], "texture": "#mesh_palette" },
				"west": { "uv": [ 8.96, 4.96, 11.04, 7.04 ], "texture": "#mesh_palette" },
				"east": { "uv": [ 8.96, 4.96, 11.04, 7.04 ], "texture": "#mesh_palette" }
			}
		},
		{
			"__comment": "Voxels-000000",
			"from": [ 8, -5, 8 ],
			"to": [ 9, -4, 9 ],
			"faces": {
				"down": { "uv": [ 0.96, 8.96, 3.04, 11.04 ], "texture": "#mesh_palette" },
				"up": { "uv": [ 0.96, 8.96, 3.04, 11.04 ], "texture": "#mesh_palette" },
				"north": { "uv": [ 0.96, 8.96, 3.04, 11.04 ], "texture": "#mesh_palette" },
				"south": { "uv": [ 0.96, 8.96, 3.04, 11.04 ], "texture": "#mesh_palette" },
				"west": { "uv": [ 0.96, 8.96, 3.04, 11.04 ], "texture": "#mesh_palette" },
				"east": { "uv": [ 0.96, 8.96, 3.04, 11.04 ], "texture": "#mesh_palette" }
			}
		},
		{
			"__comment": "Voxels-000044",
			"from": [ 8, -3, 6 ],
			"to": [ 9, -2, 8 ],
			"faces": {
				"down": { "uv": [ 4.96, 4.96, 7.04, 7.04 ], "texture": "#mesh_palette" },
				"up": { "uv": [ 4.96, 4.96, 7.04, 7.04 ], "texture": "#mesh_palette" },
				"north": { "uv": [ 4.96, 4.96, 7.04, 7.04 ], "texture": "#mesh_palette" },
				"south": { "uv": [ 4.96, 4.96, 7.04, 7.04 ], "texture": "#mesh_palette" },
				"west": { "uv": [ 4.96, 4.96, 7.04, 7.04 ], "texture": "#mesh_palette" },
				"east": { "uv": [ 4.96, 4.96, 7.04, 7.04 ], "texture": "#mesh_palette" }
			}
		},
		{
			"__comment": "Voxels-000000",
			"from": [ 8, -3, 8 ],
			"to": [ 9, -1, 9 ],
			"faces": {
				"down": { "uv": [ 0.96, 8.96, 3.04, 11.04 ], "texture": "#mesh_palette" },
				"up": { "uv": [ 0.96, 8.96, 3.04, 11.04 ], "texture": "#mesh_palette" },
				"north": { "uv": [ 0.96, 8.96, 3.04, 11.04 ], "texture": "#mesh_palette" },
				"south": { "uv": [ 0.96, 8.96, 3.04, 11.04 ], "texture": "#mesh_palette" },
				"west": { "uv": [ 0.96, 8.96, 3.04, 11.04 ], "texture": "#mesh_palette" },
				"east": { "uv": [ 0.96, 8.96, 3.04, 11.04 ], "texture": "#mesh_palette" }
			}
		},
		{
			"__comment": "Voxels-000044",
			"from": [ 8, -3, 9 ],
			"to": [ 9, -2, 11 ],
			"faces": {
				"down": { "uv": [ 4.96, 4.96, 7.04, 7.04 ], "texture": "#mesh_palette" },
				"up": { "uv": [ 4.96, 4.96, 7.04, 7.04 ], "texture": "#mesh_palette" },
				"north": { "uv": [ 4.96, 4.96, 7.04, 7.04 ], "texture": "#mesh_palette" },
				"south": { "uv": [ 4.96, 4.96, 7.04, 7.04 ], "texture": "#mesh_palette" },
				"west": { "uv": [ 4.96, 4.96, 7.04, 7.04 ], "texture": "#mesh_palette" },
				"east": { "uv": [ 4.96, 4.96, 7.04, 7.04 ], "texture": "#mesh_palette" }
			}
		},
		{
			"__comment": "Voxels-009B9B",
			"from": [ 8, -2, 7 ],
			"to": [ 9, -1, 8 ],
			"faces": {
				"down": { "uv": [ 12.96, 4.96, 15.04, 7.04 ], "texture": "#mesh_palette" },
				"up": { "uv": [ 12.96, 4.96, 15.04, 7.04 ], "texture": "#mesh_palette" },
				"north": { "uv": [ 12.96, 4.96, 15.04, 7.04 ], "texture": "#mesh_palette" },
				"south": { "uv": [ 12.96, 4.96, 15.04, 7.04 ], "texture": "#mesh_palette" },
				"west": { "uv": [ 12.96, 4.96, 15.04, 7.04 ], "texture": "#mesh_palette" },
				"east": { "uv": [ 12.96, 4.96, 15.04, 7.04 ], "texture": "#mesh_palette" }
			}
		},
		{
			"__comment": "Voxels-009B9B",
			"from": [ 8, -2, 9 ],
			"to": [ 9, -1, 10 ],
			"faces": {
				"down": { "uv": [ 12.96, 4.96, 15.04, 7.04 ], "texture": "#mesh_palette" },
				"up": { "uv": [ 12.96, 4.96, 15.04, 7.04 ], "texture": "#mesh_palette" },
				"north": { "uv": [ 12.96, 4.96, 15.04, 7.04 ], "texture": "#mesh_palette" },
				"south": { "uv": [ 12.96, 4.96, 15.04, 7.04 ], "texture": "#mesh_palette" },
				"west": { "uv": [ 12.96, 4.96, 15.04, 7.04 ], "texture": "#mesh_palette" },
				"east": { "uv": [ 12.96, 4.96, 15.04, 7.04 ], "texture": "#mesh_palette" }
			}
		},
		{
			"__comment": "Voxels-005679",
			"from": [ 8, 0, 6 ],
			"to": [ 9, 1, 7 ],
			"faces": {
				"down": { "uv": [ 8.96, 8.96, 11.04, 11.04 ], "texture": "#mesh_palette" },
				"up": { "uv": [ 8.96, 8.96, 11.04, 11.04 ], "texture": "#mesh_palette" },
				"north": { "uv": [ 8.96, 8.96, 11.04, 11.04 ], "texture": "#mesh_palette" },
				"south": { "uv": [ 8.96, 8.96, 11.04, 11.04 ], "texture": "#mesh_palette" },
				"west": { "uv": [ 8.96, 8.96, 11.04, 11.04 ], "texture": "#mesh_palette" },
				"east": { "uv": [ 8.96, 8.96, 11.04, 11.04 ], "texture": "#mesh_palette" }
			}
		},
		{
			"__comment": "Voxels-005679",
			"from": [ 8, 0, 10 ],
			"to": [ 9, 1, 11 ],
			"faces": {
				"down": { "uv": [ 8.96, 8.96, 11.04, 11.04 ], "texture": "#mesh_palette" },
				"up": { "uv": [ 8.96, 8.96, 11.04, 11.04 ], "texture": "#mesh_palette" },
				"north": { "uv": [ 8.96, 8.96, 11.04, 11.04 ], "texture": "#mesh_palette" },
				"south": { "uv": [ 8.96, 8.96, 11.04, 11.04 ], "texture": "#mesh_palette" },
				"west": { "uv": [ 8.96, 8.96, 11.04, 11.04 ], "texture": "#mesh_palette" },
				"east": { "uv": [ 8.96, 8.96, 11.04, 11.04 ], "texture": "#mesh_palette" }
			}
		},
		{
			"__comment": "Voxels-000000",
			"from": [ 8, 1, 8 ],
			"to": [ 9, 2, 9 ],
			"faces": {
				"down": { "uv": [ 0.96, 8.96, 3.04, 11.04 ], "texture": "#mesh_palette" },
				"up": { "uv": [ 0.96, 8.96, 3.04, 11.04 ], "texture": "#mesh_palette" },
				"north": { "uv": [ 0.96, 8.96, 3.04, 11.04 ], "texture": "#mesh_palette" },
				"south": { "uv": [ 0.96, 8.96, 3.04, 11.04 ], "texture": "#mesh_palette" },
				"west": { "uv": [ 0.96, 8.96, 3.04, 11.04 ], "texture": "#mesh_palette" },
				"east": { "uv": [ 0.96, 8.96, 3.04, 11.04 ], "texture": "#mesh_palette" }
			}
		},
		{
			"__comment": "Voxels-005679",
			"from": [ 8, 2, 6 ],
			"to": [ 9, 3, 7 ],
			"faces": {
				"down": { "uv": [ 8.96, 8.96, 11.04, 11.04 ], "texture": "#mesh_palette" },
				"up": { "uv": [ 8.96, 8.96, 11.04, 11.04 ], "texture": "#mesh_palette" },
				"north": { "uv": [ 8.96, 8.96, 11.04, 11.04 ], "texture": "#mesh_palette" },
				"south": { "uv": [ 8.96, 8.96, 11.04, 11.04 ], "texture": "#mesh_palette" },
				"west": { "uv": [ 8.96, 8.96, 11.04, 11.04 ], "texture": "#mesh_palette" },
				"east": { "uv": [ 8.96, 8.96, 11.04, 11.04 ], "texture": "#mesh_palette" }
			}
		},
		{
			"__comment": "Voxels-005679",
			"from": [ 8, 2, 10 ],
			"to": [ 9, 3, 11 ],
			"faces": {
				"down": { "uv": [ 8.96, 8.96, 11.04, 11.04 ], "texture": "#mesh_palette" },
				"up": { "uv": [ 8.96, 8.96, 11.04, 11.04 ], "texture": "#mesh_palette" },
				"north": { "uv": [ 8.96, 8.96, 11.04, 11.04 ], "texture": "#mesh_palette" },
				"south": { "uv": [ 8.96, 8.96, 11.04, 11.04 ], "texture": "#mesh_palette" },
				"west": { "uv": [ 8.96, 8.96, 11.04, 11.04 ], "texture": "#mesh_palette" },
				"east": { "uv": [ 8.96, 8.96, 11.04, 11.04 ], "texture": "#mesh_palette" }
			}
		},
		{
			"__comment": "Voxels-000000",
			"from": [ 8, 3, 8 ],
			"to": [ 9, 4, 9 ],
			"faces": {
				"down": { "uv": [ 0.96, 8.96, 3.04, 11.04 ], "texture": "#mesh_palette" },
				"up": { "uv": [ 0.96, 8.96, 3.04, 11.04 ], "texture": "#mesh_palette" },
				"north": { "uv": [ 0.96, 8.96, 3.04, 11.04 ], "texture": "#mesh_palette" },
				"south": { "uv": [ 0.96, 8.96, 3.04, 11.04 ], "texture": "#mesh_palette" },
				"west": { "uv": [ 0.96, 8.96, 3.04, 11.04 ], "texture": "#mesh_palette" },
				"east": { "uv": [ 0.96, 8.96, 3.04, 11.04 ], "texture": "#mesh_palette" }
			}
		},
		{
			"__comment": "Voxels-000000",
			"from": [ 8, 7, 8 ],
			"to": [ 9, 13, 9 ],
			"faces": {
				"down": { "uv": [ 0.96, 8.96, 3.04, 11.04 ], "texture": "#mesh_palette" },
				"up": { "uv": [ 0.96, 8.96, 3.04, 11.04 ], "texture": "#mesh_palette" },
				"north": { "uv": [ 0.96, 8.96, 3.04, 11.04 ], "texture": "#mesh_palette" },
				"south": { "uv": [ 0.96, 8.96, 3.04, 11.04 ], "texture": "#mesh_palette" },
				"west": { "uv": [ 0.96, 8.96, 3.04, 11.04 ], "texture": "#mesh_palette" },
				"east": { "uv": [ 0.96, 8.96, 3.04, 11.04 ], "texture": "#mesh_palette" }
			}
		},
		{
			"__comment": "Voxels-3AC6FF",
			"from": [ 8, 11, 7 ],
			"to": [ 10, 14, 8 ],
			"faces": {
				"down": { "uv": [ 4.96, 8.96, 7.04, 11.04 ], "texture": "#mesh_palette" },
				"up": { "uv": [ 4.96, 8.96, 7.04, 11.04 ], "texture": "#mesh_palette" },
				"north": { "uv": [ 4.96, 8.96, 7.04, 11.04 ], "texture": "#mesh_palette" },
				"south": { "uv": [ 4.96, 8.96, 7.04, 11.04 ], "texture": "#mesh_palette" },
				"west": { "uv": [ 4.96, 8.96, 7.04, 11.04 ], "texture": "#mesh_palette" },
				"east": { "uv": [ 4.96, 8.96, 7.04, 11.04 ], "texture": "#mesh_palette" }
			}
		},
		{
			"__comment": "Voxels-3AC6FF",
			"from": [ 8, 11, 9 ],
			"to": [ 10, 14, 10 ],
			"faces": {
				"down": { "uv": [ 4.96, 8.96, 7.04, 11.04 ], "texture": "#mesh_palette" },
				"up": { "uv": [ 4.96, 8.96, 7.04, 11.04 ], "texture": "#mesh_palette" },
				"north": { "uv": [ 4.96, 8.96, 7.04, 11.04 ], "texture": "#mesh_palette" },
				"south": { "uv": [ 4.96, 8.96, 7.04, 11.04 ], "texture": "#mesh_palette" },
				"west": { "uv": [ 4.96, 8.96, 7.04, 11.04 ], "texture": "#mesh_palette" },
				"east": { "uv": [ 4.96, 8.96, 7.04, 11.04 ], "texture": "#mesh_palette" }
			}
		},
		{
			"__comment": "Voxels-3AC6FF",
			"from": [ 8, 14, 7 ],
			"to": [ 9, 18, 8 ],
			"faces": {
				"down": { "uv": [ 4.96, 8.96, 7.04, 11.04 ], "texture": "#mesh_palette" },
				"up": { "uv": [ 4.96, 8.96, 7.04, 11.04 ], "texture": "#mesh_palette" },
				"north": { "uv": [ 4.96, 8.96, 7.04, 11.04 ], "texture": "#mesh_palette" },
				"south": { "uv": [ 4.96, 8.96, 7.04, 11.04 ], "texture": "#mesh_palette" },
				"west": { "uv": [ 4.96, 8.96, 7.04, 11.04 ], "texture": "#mesh_palette" },
				"east": { "uv": [ 4.96, 8.96, 7.04, 11.04 ], "texture": "#mesh_palette" }
			}
		},
		{
			"__comment": "Voxels-000000",
			"from": [ 8, 14, 8 ],
			"to": [ 9, 15, 9 ],
			"faces": {
				"down": { "uv": [ 0.96, 8.96, 3.04, 11.04 ], "texture": "#mesh_palette" },
				"up": { "uv": [ 0.96, 8.96, 3.04, 11.04 ], "texture": "#mesh_palette" },
				"north": { "uv": [ 0.96, 8.96, 3.04, 11.04 ], "texture": "#mesh_palette" },
				"south": { "uv": [ 0.96, 8.96, 3.04, 11.04 ], "texture": "#mesh_palette" },
				"west": { "uv": [ 0.96, 8.96, 3.04, 11.04 ], "texture": "#mesh_palette" },
				"east": { "uv": [ 0.96, 8.96, 3.04, 11.04 ], "texture": "#mesh_palette" }
			}
		},
		{
			"__comment": "Voxels-3AC6FF",
			"from": [ 8, 14, 9 ],
			"to": [ 9, 18, 10 ],
			"faces": {
				"down": { "uv": [ 4.96, 8.96, 7.04, 11.04 ], "texture": "#mesh_palette" },
				"up": { "uv": [ 4.96, 8.96, 7.04, 11.04 ], "texture": "#mesh_palette" },
				"north": { "uv": [ 4.96, 8.96, 7.04, 11.04 ], "texture": "#mesh_palette" },
				"south": { "uv": [ 4.96, 8.96, 7.04, 11.04 ], "texture": "#mesh_palette" },
				"west": { "uv": [ 4.96, 8.96, 7.04, 11.04 ], "texture": "#mesh_palette" },
				"east": { "uv": [ 4.96, 8.96, 7.04, 11.04 ], "texture": "#mesh_palette" }
			}
		},
		{
			"__comment": "Voxels-000000",
			"from": [ 8, 18, 8 ],
			"to": [ 9, 19, 9 ],
			"faces": {
				"down": { "uv": [ 0.96, 8.96, 3.04, 11.04 ], "texture": "#mesh_palette" },
				"up": { "uv": [ 0.96, 8.96, 3.04, 11.04 ], "texture": "#mesh_palette" },
				"north": { "uv": [ 0.96, 8.96, 3.04, 11.04 ], "texture": "#mesh_palette" },
				"south": { "uv": [ 0.96, 8.96, 3.04, 11.04 ], "texture": "#mesh_palette" },
				"west": { "uv": [ 0.96, 8.96, 3.04, 11.04 ], "texture": "#mesh_palette" },
				"east": { "uv": [ 0.96, 8.96, 3.04, 11.04 ], "texture": "#mesh_palette" }
			}
		},
		{
			"__comment": "Voxels-0045B8",
			"from": [ 8, 19, 7 ],
			"to": [ 9, 22, 8 ],
			"faces": {
				"down": { "uv": [ 12.96, 8.96, 15.04, 11.04 ], "texture": "#mesh_palette" },
				"up": { "uv": [ 12.96, 8.96, 15.04, 11.04 ], "texture": "#mesh_palette" },
				"north": { "uv": [ 12.96, 8.96, 15.04, 11.04 ], "texture": "#mesh_palette" },
				"south": { "uv": [ 12.96, 8.96, 15.04, 11.04 ], "texture": "#mesh_palette" },
				"west": { "uv": [ 12.96, 8.96, 15.04, 11.04 ], "texture": "#mesh_palette" },
				"east": { "uv": [ 12.96, 8.96, 15.04, 11.04 ], "texture": "#mesh_palette" }
			}
		},
		{
			"__comment": "Voxels-0045B8",
			"from": [ 8, 19, 9 ],
			"to": [ 9, 22, 10 ],
			"faces": {
				"down": { "uv": [ 12.96, 8.96, 15.04, 11.04 ], "texture": "#mesh_palette" },
				"up": { "uv": [ 12.96, 8.96, 15.04, 11.04 ], "texture": "#mesh_palette" },
				"north": { "uv": [ 12.96, 8.96, 15.04, 11.04 ], "texture": "#mesh_palette" },
				"south": { "uv": [ 12.96, 8.96, 15.04, 11.04 ], "texture": "#mesh_palette" },
				"west": { "uv": [ 12.96, 8.96, 15.04, 11.04 ], "texture": "#mesh_palette" },
				"east": { "uv": [ 12.96, 8.96, 15.04, 11.04 ], "texture": "#mesh_palette" }
			}
		},
		{
			"__comment": "Voxels-000000",
			"from": [ 8, 21, 8 ],
			"to": [ 9, 22, 9 ],
			"faces": {
				"down": { "uv": [ 0.96, 8.96, 3.04, 11.04 ], "texture": "#mesh_palette" },
				"up": { "uv": [ 0.96, 8.96, 3.04, 11.04 ], "texture": "#mesh_palette" },
				"north": { "uv": [ 0.96, 8.96, 3.04, 11.04 ], "texture": "#mesh_palette" },
				"south": { "uv": [ 0.96, 8.96, 3.04, 11.04 ], "texture": "#mesh_palette" },
				"west": { "uv": [ 0.96, 8.96, 3.04, 11.04 ], "texture": "#mesh_palette" },
				"east": { "uv": [ 0.96, 8.96, 3.04, 11.04 ], "texture": "#mesh_palette" }
			}
		},
		{
			"__comment": "Voxels-3AC6FF",
			"from": [ 8, 22, 7 ],
			"to": [ 10, 23, 8 ],
			"faces": {
				"down": { "uv": [ 4.96, 8.96, 7.04, 11.04 ], "texture": "#mesh_palette" },
				"up": { "uv": [ 4.96, 8.96, 7.04, 11.04 ], "texture": "#mesh_palette" },
				"north": { "uv": [ 4.96, 8.96, 7.04, 11.04 ], "texture": "#mesh_palette" },
				"south": { "uv": [ 4.96, 8.96, 7.04, 11.04 ], "texture": "#mesh_palette" },
				"west": { "uv": [ 4.96, 8.96, 7.04, 11.04 ], "texture": "#mesh_palette" },
				"east": { "uv": [ 4.96, 8.96, 7.04, 11.04 ], "texture": "#mesh_palette" }
			}
		},
		{
			"__comment": "Voxels-3AC6FF",
			"from": [ 8, 22, 9 ],
			"to": [ 10, 23, 10 ],
			"faces": {
				"down": { "uv": [ 4.96, 8.96, 7.04, 11.04 ], "texture": "#mesh_palette" },
				"up": { "uv": [ 4.96, 8.96, 7.04, 11.04 ], "texture": "#mesh_palette" },
				"north": { "uv": [ 4.96, 8.96, 7.04, 11.04 ], "texture": "#mesh_palette" },
				"south": { "uv": [ 4.96, 8.96, 7.04, 11.04 ], "texture": "#mesh_palette" },
				"west": { "uv": [ 4.96, 8.96, 7.04, 11.04 ], "texture": "#mesh_palette" },
				"east": { "uv": [ 4.96, 8.96, 7.04, 11.04 ], "texture": "#mesh_palette" }
			}
		},
		{
			"__comment": "Voxels-3AC6FF",
			"from": [ 8, 23, 7 ],
			"to": [ 9, 30, 8 ],
			"faces": {
				"down": { "uv": [ 4.96, 8.96, 7.04, 11.04 ], "texture": "#mesh_palette" },
				"up": { "uv": [ 4.96, 8.96, 7.04, 11.04 ], "texture": "#mesh_palette" },
				"north": { "uv": [ 4.96, 8.96, 7.04, 11.04 ], "texture": "#mesh_palette" },
				"south": { "uv": [ 4.96, 8.96, 7.04, 11.04 ], "texture": "#mesh_palette" },
				"west": { "uv": [ 4.96, 8.96, 7.04, 11.04 ], "texture": "#mesh_palette" },
				"east": { "uv": [ 4.96, 8.96, 7.04, 11.04 ], "texture": "#mesh_palette" }
			}
		},
		{
			"__comment": "Voxels-000000",
			"from": [ 8, 23, 8 ],
			"to": [ 9, 29, 9 ],
			"faces": {
				"down": { "uv": [ 0.96, 8.96, 3.04, 11.04 ], "texture": "#mesh_palette" },
				"up": { "uv": [ 0.96, 8.96, 3.04, 11.04 ], "texture": "#mesh_palette" },
				"north": { "uv": [ 0.96, 8.96, 3.04, 11.04 ], "texture": "#mesh_palette" },
				"south": { "uv": [ 0.96, 8.96, 3.04, 11.04 ], "texture": "#mesh_palette" },
				"west": { "uv": [ 0.96, 8.96, 3.04, 11.04 ], "texture": "#mesh_palette" },
				"east": { "uv": [ 0.96, 8.96, 3.04, 11.04 ], "texture": "#mesh_palette" }
			}
		},
		{
			"__comment": "Voxels-3AC6FF",
			"from": [ 8, 23, 9 ],
			"to": [ 9, 28, 10 ],
			"faces": {
				"down": { "uv": [ 4.96, 8.96, 7.04, 11.04 ], "texture": "#mesh_palette" },
				"up": { "uv": [ 4.96, 8.96, 7.04, 11.04 ], "texture": "#mesh_palette" },
				"north": { "uv": [ 4.96, 8.96, 7.04, 11.04 ], "texture": "#mesh_palette" },
				"south": { "uv": [ 4.96, 8.96, 7.04, 11.04 ], "texture": "#mesh_palette" },
				"west": { "uv": [ 4.96, 8.96, 7.04, 11.04 ], "texture": "#mesh_palette" },
				"east": { "uv": [ 4.96, 8.96, 7.04, 11.04 ], "texture": "#mesh_palette" }
			}
		},
		{
			"__comment": "Voxels-0045B8",
			"from": [ 8, 28, 9 ],
			"to": [ 10, 29, 10 ],
			"faces": {
				"down": { "uv": [ 12.96, 8.96, 15.04, 11.04 ], "texture": "#mesh_palette" },
				"up": { "uv": [ 12.96, 8.96, 15.04, 11.04 ], "texture": "#mesh_palette" },
				"north": { "uv": [ 12.96, 8.96, 15.04, 11.04 ], "texture": "#mesh_palette" },
				"south": { "uv": [ 12.96, 8.96, 15.04, 11.04 ], "texture": "#mesh_palette" },
				"west": { "uv": [ 12.96, 8.96, 15.04, 11.04 ], "texture": "#mesh_palette" },
				"east": { "uv": [ 12.96, 8.96, 15.04, 11.04 ], "texture": "#mesh_palette" }
			}
		},
		{
			"__comment": "Voxels-3AC6FF",
			"from": [ 8, 29, 8 ],
			"to": [ 9, 32, 9 ],
			"faces": {
				"down": { "uv": [ 4.96, 8.96, 7.04, 11.04 ], "texture": "#mesh_palette" },
				"up": { "uv": [ 4.96, 8.96, 7.04, 11.04 ], "texture": "#mesh_palette" },
				"north": { "uv": [ 4.96, 8.96, 7.04, 11.04 ], "texture": "#mesh_palette" },
				"south": { "uv": [ 4.96, 8.96, 7.04, 11.04 ], "texture": "#mesh_palette" },
				"west": { "uv": [ 4.96, 8.96, 7.04, 11.04 ], "texture": "#mesh_palette" },
				"east": { "uv": [ 4.96, 8.96, 7.04, 11.04 ], "texture": "#mesh_palette" }
			}
		},
		{
			"__comment": "Voxels-3AC6FF",
			"from": [ 8, 29, 9 ],
			"to": [ 9, 30, 10 ],
			"faces": {
				"down": { "uv": [ 4.96, 8.96, 7.04, 11.04 ], "texture": "#mesh_palette" },
				"up": { "uv": [ 4.96, 8.96, 7.04, 11.04 ], "texture": "#mesh_palette" },
				"north": { "uv": [ 4.96, 8.96, 7.04, 11.04 ], "texture": "#mesh_palette" },
				"south": { "uv": [ 4.96, 8.96, 7.04, 11.04 ], "texture": "#mesh_palette" },
				"west": { "uv": [ 4.96, 8.96, 7.04, 11.04 ], "texture": "#mesh_palette" },
				"east": { "uv": [ 4.96, 8.96, 7.04, 11.04 ], "texture": "#mesh_palette" }
			}
		},
		{
			"__comment": "Voxels-1D1D1D",
			"from": [ 9, -15, 8 ],
			"to": [ 11, -14, 9 ],
			"faces": {
				"down": { "uv": [ 12.96, 0.96, 15.04, 3.04 ], "texture": "#mesh_palette" },
				"up": { "uv": [ 12.96, 0.96, 15.04, 3.04 ], "texture": "#mesh_palette" },
				"north": { "uv": [ 12.96, 0.96, 15.04, 3.04 ], "texture": "#mesh_palette" },
				"south": { "uv": [ 12.96, 0.96, 15.04, 3.04 ], "texture": "#mesh_palette" },
				"west": { "uv": [ 12.96, 0.96, 15.04, 3.04 ], "texture": "#mesh_palette" },
				"east": { "uv": [ 12.96, 0.96, 15.04, 3.04 ], "texture": "#mesh_palette" }
			}
		},
		{
			"__comment": "Voxels-301900",
			"from": [ 9, -5, 8 ],
			"to": [ 10, -4, 10 ],
			"faces": {
				"down": { "uv": [ 8.96, 4.96, 11.04, 7.04 ], "texture": "#mesh_palette" },
				"up": { "uv": [ 8.96, 4.96, 11.04, 7.04 ], "texture": "#mesh_palette" },
				"north": { "uv": [ 8.96, 4.96, 11.04, 7.04 ], "texture": "#mesh_palette" },
				"south": { "uv": [ 8.96, 4.96, 11.04, 7.04 ], "texture": "#mesh_palette" },
				"west": { "uv": [ 8.96, 4.96, 11.04, 7.04 ], "texture": "#mesh_palette" },
				"east": { "uv": [ 8.96, 4.96, 11.04, 7.04 ], "texture": "#mesh_palette" }
			}
		},
		{
			"__comment": "Voxels-1D1D1D",
			"from": [ 9, -3, 7 ],
			"to": [ 10, -2, 10 ],
			"faces": {
				"down": { "uv": [ 12.96, 0.96, 15.04, 3.04 ], "texture": "#mesh_palette" },
				"up": { "uv": [ 12.96, 0.96, 15.04, 3.04 ], "texture": "#mesh_palette" },
				"north": { "uv": [ 12.96, 0.96, 15.04, 3.04 ], "texture": "#mesh_palette" },
				"south": { "uv": [ 12.96, 0.96, 15.04, 3.04 ], "texture": "#mesh_palette" },
				"west": { "uv": [ 12.96, 0.96, 15.04, 3.04 ], "texture": "#mesh_palette" },
				"east": { "uv": [ 12.96, 0.96, 15.04, 3.04 ], "texture": "#mesh_palette" }
			}
		},
		{
			"__comment": "Voxels-000044",
			"from": [ 9, -2, 6 ],
			"to": [ 10, -1, 8 ],
			"faces": {
				"down": { "uv": [ 4.96, 4.96, 7.04, 7.04 ], "texture": "#mesh_palette" },
				"up": { "uv": [ 4.96, 4.96, 7.04, 7.04 ], "texture": "#mesh_palette" },
				"north": { "uv": [ 4.96, 4.96, 7.04, 7.04 ], "texture": "#mesh_palette" },
				"south": { "uv": [ 4.96, 4.96, 7.04, 7.04 ], "texture": "#mesh_palette" },
				"west": { "uv": [ 4.96, 4.96, 7.04, 7.04 ], "texture": "#mesh_palette" },
				"east": { "uv": [ 4.96, 4.96, 7.04, 7.04 ], "texture": "#mesh_palette" }
			}
		},
		{
			"__comment": "Voxels-1D1D1D",
			"from": [ 9, -2, 8 ],
			"to": [ 13, -1, 9 ],
			"faces": {
				"down": { "uv": [ 12.96, 0.96, 15.04, 3.04 ], "texture": "#mesh_palette" },
				"up": { "uv": [ 12.96, 0.96, 15.04, 3.04 ], "texture": "#mesh_palette" },
				"north": { "uv": [ 12.96, 0.96, 15.04, 3.04 ], "texture": "#mesh_palette" },
				"south": { "uv": [ 12.96, 0.96, 15.04, 3.04 ], "texture": "#mesh_palette" },
				"west": { "uv": [ 12.96, 0.96, 15.04, 3.04 ], "texture": "#mesh_palette" },
				"east": { "uv": [ 12.96, 0.96, 15.04, 3.04 ], "texture": "#mesh_palette" }
			}
		},
		{
			"__comment": "Voxels-000044",
			"from": [ 9, -2, 9 ],
			"to": [ 10, -1, 11 ],
			"faces": {
				"down": { "uv": [ 4.96, 4.96, 7.04, 7.04 ], "texture": "#mesh_palette" },
				"up": { "uv": [ 4.96, 4.96, 7.04, 7.04 ], "texture": "#mesh_palette" },
				"north": { "uv": [ 4.96, 4.96, 7.04, 7.04 ], "texture": "#mesh_palette" },
				"south": { "uv": [ 4.96, 4.96, 7.04, 7.04 ], "texture": "#mesh_palette" },
				"west": { "uv": [ 4.96, 4.96, 7.04, 7.04 ], "texture": "#mesh_palette" },
				"east": { "uv": [ 4.96, 4.96, 7.04, 7.04 ], "texture": "#mesh_palette" }
			}
		},
		{
			"__comment": "Voxels-00FFFF",
			"from": [ 9, 1, 8 ],
			"to": [ 17, 2, 9 ],
			"faces": {
				"down": { "uv": [ 4.96, 0.96, 7.04, 3.04 ], "texture": "#mesh_palette" },
				"up": { "uv": [ 4.96, 0.96, 7.04, 3.04 ], "texture": "#mesh_palette" },
				"north": { "uv": [ 4.96, 0.96, 7.04, 3.04 ], "texture": "#mesh_palette" },
				"south": { "uv": [ 4.96, 0.96, 7.04, 3.04 ], "texture": "#mesh_palette" },
				"west": { "uv": [ 4.96, 0.96, 7.04, 3.04 ], "texture": "#mesh_palette" },
				"east": { "uv": [ 4.96, 0.96, 7.04, 3.04 ], "texture": "#mesh_palette" }
			}
		},
		{
			"__comment": "Voxels-3AC6FF",
			"from": [ 9, 3, 8 ],
			"to": [ 12, 4, 9 ],
			"faces": {
				"down": { "uv": [ 4.96, 8.96, 7.04, 11.04 ], "texture": "#mesh_palette" },
				"up": { "uv": [ 4.96, 8.96, 7.04, 11.04 ], "texture": "#mesh_palette" },
				"north": { "uv": [ 4.96, 8.96, 7.04, 11.04 ], "texture": "#mesh_palette" },
				"south": { "uv": [ 4.96, 8.96, 7.04, 11.04 ], "texture": "#mesh_palette" },
				"west": { "uv": [ 4.96, 8.96, 7.04, 11.04 ], "texture": "#mesh_palette" },
				"east": { "uv": [ 4.96, 8.96, 7.04, 11.04 ], "texture": "#mesh_palette" }
			}
		},
		{
			"__comment": "Voxels-3AC6FF",
			"from": [ 9, 7, 7 ],
			"to": [ 11, 9, 10 ],
			"faces": {
				"down": { "uv": [ 4.96, 8.96, 7.04, 11.04 ], "texture": "#mesh_palette" },
				"up": { "uv": [ 4.96, 8.96, 7.04, 11.04 ], "texture": "#mesh_palette" },
				"north": { "uv": [ 4.96, 8.96, 7.04, 11.04 ], "texture": "#mesh_palette" },
				"south": { "uv": [ 4.96, 8.96, 7.04, 11.04 ], "texture": "#mesh_palette" },
				"west": { "uv": [ 4.96, 8.96, 7.04, 11.04 ], "texture": "#mesh_palette" },
				"east": { "uv": [ 4.96, 8.96, 7.04, 11.04 ], "texture": "#mesh_palette" }
			}
		},
		{
			"__comment": "Voxels-3AC6FF",
			"from": [ 9, 9, 7 ],
			"to": [ 10, 11, 10 ],
			"faces": {
				"down": { "uv": [ 4.96, 8.96, 7.04, 11.04 ], "texture": "#mesh_palette" },
				"up": { "uv": [ 4.96, 8.96, 7.04, 11.04 ], "texture": "#mesh_palette" },
				"north": { "uv": [ 4.96, 8.96, 7.04, 11.04 ], "texture": "#mesh_palette" },
				"south": { "uv": [ 4.96, 8.96, 7.04, 11.04 ], "texture": "#mesh_palette" },
				"west": { "uv": [ 4.96, 8.96, 7.04, 11.04 ], "texture": "#mesh_palette" },
				"east": { "uv": [ 4.96, 8.96, 7.04, 11.04 ], "texture": "#mesh_palette" }
			}
		},
		{
			"__comment": "Voxels-3AC6FF",
			"from": [ 9, 11, 8 ],
			"to": [ 12, 13, 9 ],
			"faces": {
				"down": { "uv": [ 4.96, 8.96, 7.04, 11.04 ], "texture": "#mesh_palette" },
				"up": { "uv": [ 4.96, 8.96, 7.04, 11.04 ], "texture": "#mesh_palette" },
				"north": { "uv": [ 4.96, 8.96, 7.04, 11.04 ], "texture": "#mesh_palette" },
				"south": { "uv": [ 4.96, 8.96, 7.04, 11.04 ], "texture": "#mesh_palette" },
				"west": { "uv": [ 4.96, 8.96, 7.04, 11.04 ], "texture": "#mesh_palette" },
				"east": { "uv": [ 4.96, 8.96, 7.04, 11.04 ], "texture": "#mesh_palette" }
			}
		},
		{
			"__comment": "Voxels-3AC6FF",
			"from": [ 9, 14, 8 ],
			"to": [ 11, 15, 9 ],
			"faces": {
				"down": { "uv": [ 4.96, 8.96, 7.04, 11.04 ], "texture": "#mesh_palette" },
				"up": { "uv": [ 4.96, 8.96, 7.04, 11.04 ], "texture": "#mesh_palette" },
				"north": { "uv": [ 4.96, 8.96, 7.04, 11.04 ], "texture": "#mesh_palette" },
				"south": { "uv": [ 4.96, 8.96, 7.04, 11.04 ], "texture": "#mesh_palette" },
				"west": { "uv": [ 4.96, 8.96, 7.04, 11.04 ], "texture": "#mesh_palette" },
				"east": { "uv": [ 4.96, 8.96, 7.04, 11.04 ], "texture": "#mesh_palette" }
			}
		},
		{
			"__comment": "Voxels-3AC6FF",
			"from": [ 9, 18, 8 ],
			"to": [ 12, 19, 9 ],
			"faces": {
				"down": { "uv": [ 4.96, 8.96, 7.04, 11.04 ], "texture": "#mesh_palette" },
				"up": { "uv": [ 4.96, 8.96, 7.04, 11.04 ], "texture": "#mesh_palette" },
				"north": { "uv": [ 4.96, 8.96, 7.04, 11.04 ], "texture": "#mesh_palette" },
				"south": { "uv": [ 4.96, 8.96, 7.04, 11.04 ], "texture": "#mesh_palette" },
				"west": { "uv": [ 4.96, 8.96, 7.04, 11.04 ], "texture": "#mesh_palette" },
				"east": { "uv": [ 4.96, 8.96, 7.04, 11.04 ], "texture": "#mesh_palette" }
			}
		},
		{
			"__comment": "Voxels-3AC6FF",
			"from": [ 9, 19, 7 ],
			"to": [ 10, 22, 8 ],
			"faces": {
				"down": { "uv": [ 4.96, 8.96, 7.04, 11.04 ], "texture": "#mesh_palette" },
				"up": { "uv": [ 4.96, 8.96, 7.04, 11.04 ], "texture": "#mesh_palette" },
				"north": { "uv": [ 4.96, 8.96, 7.04, 11.04 ], "texture": "#mesh_palette" },
				"south": { "uv": [ 4.96, 8.96, 7.04, 11.04 ], "texture": "#mesh_palette" },
				"west": { "uv": [ 4.96, 8.96, 7.04, 11.04 ], "texture": "#mesh_palette" },
				"east": { "uv": [ 4.96, 8.96, 7.04, 11.04 ], "texture": "#mesh_palette" }
			}
		},
		{
			"__comment": "Voxels-3AC6FF",
			"from": [ 9, 19, 9 ],
			"to": [ 10, 22, 10 ],
			"faces": {
				"down": { "uv": [ 4.96, 8.96, 7.04, 11.04 ], "texture": "#mesh_palette" },
				"up": { "uv": [ 4.96, 8.96, 7.04, 11.04 ], "texture": "#mesh_palette" },
				"north": { "uv": [ 4.96, 8.96, 7.04, 11.04 ], "texture": "#mesh_palette" },
				"south": { "uv": [ 4.96, 8.96, 7.04, 11.04 ], "texture": "#mesh_palette" },
				"west": { "uv": [ 4.96, 8.96, 7.04, 11.04 ], "texture": "#mesh_palette" },
				"east": { "uv": [ 4.96, 8.96, 7.04, 11.04 ], "texture": "#mesh_palette" }
			}
		},
		{
			"__comment": "Voxels-3AC6FF",
			"from": [ 9, 21, 8 ],
			"to": [ 11, 22, 9 ],
			"faces": {
				"down": { "uv": [ 4.96, 8.96, 7.04, 11.04 ], "texture": "#mesh_palette" },
				"up": { "uv": [ 4.96, 8.96, 7.04, 11.04 ], "texture": "#mesh_palette" },
				"north": { "uv": [ 4.96, 8.96, 7.04, 11.04 ], "texture": "#mesh_palette" },
				"south": { "uv": [ 4.96, 8.96, 7.04, 11.04 ], "texture": "#mesh_palette" },
				"west": { "uv": [ 4.96, 8.96, 7.04, 11.04 ], "texture": "#mesh_palette" },
				"east": { "uv": [ 4.96, 8.96, 7.04, 11.04 ], "texture": "#mesh_palette" }
			}
		},
		{
			"__comment": "Voxels-3AC6FF",
			"from": [ 9, 23, 8 ],
			"to": [ 10, 29, 9 ],
			"faces": {
				"down": { "uv": [ 4.96, 8.96, 7.04, 11.04 ], "texture": "#mesh_palette" },
				"up": { "uv": [ 4.96, 8.96, 7.04, 11.04 ], "texture": "#mesh_palette" },
				"north": { "uv": [ 4.96, 8.96, 7.04, 11.04 ], "texture": "#mesh_palette" },
				"south": { "uv": [ 4.96, 8.96, 7.04, 11.04 ], "texture": "#mesh_palette" },
				"west": { "uv": [ 4.96, 8.96, 7.04, 11.04 ], "texture": "#mesh_palette" },
				"east": { "uv": [ 4.96, 8.96, 7.04, 11.04 ], "texture": "#mesh_palette" }
			}
		},
		{
			"__comment": "Voxels-1D1D1D",
			"from": [ 10, -2, 7 ],
			"to": [ 11, -1, 8 ],
			"faces": {
				"down": { "uv": [ 12.96, 0.96, 15.04, 3.04 ], "texture": "#mesh_palette" },
				"up": { "uv": [ 12.96, 0.96, 15.04, 3.04 ], "texture": "#mesh_palette" },
				"north": { "uv": [ 12.96, 0.96, 15.04, 3.04 ], "texture": "#mesh_palette" },
				"south": { "uv": [ 12.96, 0.96, 15.04, 3.04 ], "texture": "#mesh_palette" },
				"west": { "uv": [ 12.96, 0.96, 15.04, 3.04 ], "texture": "#mesh_palette" },
				"east": { "uv": [ 12.96, 0.96, 15.04, 3.04 ], "texture": "#mesh_palette" }
			}
		},
		{
			"__comment": "Voxels-1D1D1D",
			"from": [ 10, -2, 9 ],
			"to": [ 11, -1, 10 ],
			"faces": {
				"down": { "uv": [ 12.96, 0.96, 15.04, 3.04 ], "texture": "#mesh_palette" },
				"up": { "uv": [ 12.96, 0.96, 15.04, 3.04 ], "texture": "#mesh_palette" },
				"north": { "uv": [ 12.96, 0.96, 15.04, 3.04 ], "texture": "#mesh_palette" },
				"south": { "uv": [ 12.96, 0.96, 15.04, 3.04 ], "texture": "#mesh_palette" },
				"west": { "uv": [ 12.96, 0.96, 15.04, 3.04 ], "texture": "#mesh_palette" },
				"east": { "uv": [ 12.96, 0.96, 15.04, 3.04 ], "texture": "#mesh_palette" }
			}
		},
		{
			"__comment": "Voxels-000044",
			"from": [ 10, -1, 6 ],
			"to": [ 11, 0, 8 ],
			"faces": {
				"down": { "uv": [ 4.96, 4.96, 7.04, 7.04 ], "texture": "#mesh_palette" },
				"up": { "uv": [ 4.96, 4.96, 7.04, 7.04 ], "texture": "#mesh_palette" },
				"north": { "uv": [ 4.96, 4.96, 7.04, 7.04 ], "texture": "#mesh_palette" },
				"south": { "uv": [ 4.96, 4.96, 7.04, 7.04 ], "texture": "#mesh_palette" },
				"west": { "uv": [ 4.96, 4.96, 7.04, 7.04 ], "texture": "#mesh_palette" },
				"east": { "uv": [ 4.96, 4.96, 7.04, 7.04 ], "texture": "#mesh_palette" }
			}
		},
		{
			"__comment": "Voxels-000044",
			"from": [ 10, -1, 9 ],
			"to": [ 11, 0, 11 ],
			"faces": {
				"down": { "uv": [ 4.96, 4.96, 7.04, 7.04 ], "texture": "#mesh_palette" },
				"up": { "uv": [ 4.96, 4.96, 7.04, 7.04 ], "texture": "#mesh_palette" },
				"north": { "uv": [ 4.96, 4.96, 7.04, 7.04 ], "texture": "#mesh_palette" },
				"south": { "uv": [ 4.96, 4.96, 7.04, 7.04 ], "texture": "#mesh_palette" },
				"west": { "uv": [ 4.96, 4.96, 7.04, 7.04 ], "texture": "#mesh_palette" },
				"east": { "uv": [ 4.96, 4.96, 7.04, 7.04 ], "texture": "#mesh_palette" }
			}
		},
		{
			"__comment": "Voxels-000044",
			"from": [ 10, 3, 6 ],
			"to": [ 11, 4, 8 ],
			"faces": {
				"down": { "uv": [ 4.96, 4.96, 7.04, 7.04 ], "texture": "#mesh_palette" },
				"up": { "uv": [ 4.96, 4.96, 7.04, 7.04 ], "texture": "#mesh_palette" },
				"north": { "uv": [ 4.96, 4.96, 7.04, 7.04 ], "texture": "#mesh_palette" },
				"south": { "uv": [ 4.96, 4.96, 7.04, 7.04 ], "texture": "#mesh_palette" },
				"west": { "uv": [ 4.96, 4.96, 7.04, 7.04 ], "texture": "#mesh_palette" },
				"east": { "uv": [ 4.96, 4.96, 7.04, 7.04 ], "texture": "#mesh_palette" }
			}
		},
		{
			"__comment": "Voxels-000044",
			"from": [ 10, 3, 9 ],
			"to": [ 11, 4, 11 ],
			"faces": {
				"down": { "uv": [ 4.96, 4.96, 7.04, 7.04 ], "texture": "#mesh_palette" },
				"up": { "uv": [ 4.96, 4.96, 7.04, 7.04 ], "texture": "#mesh_palette" },
				"north": { "uv": [ 4.96, 4.96, 7.04, 7.04 ], "texture": "#mesh_palette" },
				"south": { "uv": [ 4.96, 4.96, 7.04, 7.04 ], "texture": "#mesh_palette" },
				"west": { "uv": [ 4.96, 4.96, 7.04, 7.04 ], "texture": "#mesh_palette" },
				"east": { "uv": [ 4.96, 4.96, 7.04, 7.04 ], "texture": "#mesh_palette" }
			}
		},
		{
			"__comment": "Voxels-3AC6FF",
			"from": [ 10, 9, 8 ],
			"to": [ 12, 11, 9 ],
			"faces": {
				"down": { "uv": [ 4.96, 8.96, 7.04, 11.04 ], "texture": "#mesh_palette" },
				"up": { "uv": [ 4.96, 8.96, 7.04, 11.04 ], "texture": "#mesh_palette" },
				"north": { "uv": [ 4.96, 8.96, 7.04, 11.04 ], "texture": "#mesh_palette" },
				"south": { "uv": [ 4.96, 8.96, 7.04, 11.04 ], "texture": "#mesh_palette" },
				"west": { "uv": [ 4.96, 8.96, 7.04, 11.04 ], "texture": "#mesh_palette" },
				"east": { "uv": [ 4.96, 8.96, 7.04, 11.04 ], "texture": "#mesh_palette" }
			}
		},
		{
			"__comment": "Voxels-000044",
			"from": [ 11, 0, 6 ],
			"to": [ 12, 3, 8 ],
			"faces": {
				"down": { "uv": [ 4.96, 4.96, 7.04, 7.04 ], "texture": "#mesh_palette" },
				"up": { "uv": [ 4.96, 4.96, 7.04, 7.04 ], "texture": "#mesh_palette" },
				"north": { "uv": [ 4.96, 4.96, 7.04, 7.04 ], "texture": "#mesh_palette" },
				"south": { "uv": [ 4.96, 4.96, 7.04, 7.04 ], "texture": "#mesh_palette" },
				"west": { "uv": [ 4.96, 4.96, 7.04, 7.04 ], "texture": "#mesh_palette" },
				"east": { "uv": [ 4.96, 4.96, 7.04, 7.04 ], "texture": "#mesh_palette" }
			}
		},
		{
			"__comment": "Voxels-000044",
			"from": [ 11, 0, 9 ],
			"to": [ 12, 3, 11 ],
			"faces": {
				"down": { "uv": [ 4.96, 4.96, 7.04, 7.04 ], "texture": "#mesh_palette" },
				"up": { "uv": [ 4.96, 4.96, 7.04, 7.04 ], "texture": "#mesh_palette" },
				"north": { "uv": [ 4.96, 4.96, 7.04, 7.04 ], "texture": "#mesh_palette" },
				"south": { "uv": [ 4.96, 4.96, 7.04, 7.04 ], "texture": "#mesh_palette" },
				"west": { "uv": [ 4.96, 4.96, 7.04, 7.04 ], "texture": "#mesh_palette" },
				"east": { "uv": [ 4.96, 4.96, 7.04, 7.04 ], "texture": "#mesh_palette" }
			}
		},
		{
			"__comment": "Voxels-3AC6FF",
			"from": [ 11, 7, 8 ],
			"to": [ 12, 9, 9 ],
			"faces": {
				"down": { "uv": [ 4.96, 8.96, 7.04, 11.04 ], "texture": "#mesh_palette" },
				"up": { "uv": [ 4.96, 8.96, 7.04, 11.04 ], "texture": "#mesh_palette" },
				"north": { "uv": [ 4.96, 8.96, 7.04, 11.04 ], "texture": "#mesh_palette" },
				"south": { "uv": [ 4.96, 8.96, 7.04, 11.04 ], "texture": "#mesh_palette" },
				"west": { "uv": [ 4.96, 8.96, 7.04, 11.04 ], "texture": "#mesh_palette" },
				"east": { "uv": [ 4.96, 8.96, 7.04, 11.04 ], "texture": "#mesh_palette" }
			}
		},
		{
			"__comment": "Voxels-3AC6FF",
			"from": [ 11, 23, 8 ],
			"to": [ 12, 25, 9 ],
			"faces": {
				"down": { "uv": [ 4.96, 8.96, 7.04, 11.04 ], "texture": "#mesh_palette" },
				"up": { "uv": [ 4.96, 8.96, 7.04, 11.04 ], "texture": "#mesh_palette" },
				"north": { "uv": [ 4.96, 8.96, 7.04, 11.04 ], "texture": "#mesh_palette" },
				"south": { "uv": [ 4.96, 8.96, 7.04, 11.04 ], "texture": "#mesh_palette" },
				"west": { "uv": [ 4.96, 8.96, 7.04, 11.04 ], "texture": "#mesh_palette" },
				"east": { "uv": [ 4.96, 8.96, 7.04, 11.04 ], "texture": "#mesh_palette" }
			}
		},
		{
			"__comment": "Voxels-3AC6FF",
			"from": [ 11, 26, 8 ],
			"to": [ 12, 27, 9 ],
			"faces": {
				"down": { "uv": [ 4.96, 8.96, 7.04, 11.04 ], "texture": "#mesh_palette" },
				"up": { "uv": [ 4.96, 8.96, 7.04, 11.04 ], "texture": "#mesh_palette" },
				"north": { "uv": [ 4.96, 8.96, 7.04, 11.04 ], "texture": "#mesh_palette" },
				"south": { "uv": [ 4.96, 8.96, 7.04, 11.04 ], "texture": "#mesh_palette" },
				"west": { "uv": [ 4.96, 8.96, 7.04, 11.04 ], "texture": "#mesh_palette" },
				"east": { "uv": [ 4.96, 8.96, 7.04, 11.04 ], "texture": "#mesh_palette" }
			}
		},
		{
			"__comment": "Voxels-00FFFF",
			"from": [ 12, 0, 7 ],
			"to": [ 18, 1, 8 ],
			"faces": {
				"down": { "uv": [ 4.96, 0.96, 7.04, 3.04 ], "texture": "#mesh_palette" },
				"up": { "uv": [ 4.96, 0.96, 7.04, 3.04 ], "texture": "#mesh_palette" },
				"north": { "uv": [ 4.96, 0.96, 7.04, 3.04 ], "texture": "#mesh_palette" },
				"south": { "uv": [ 4.96, 0.96, 7.04, 3.04 ], "texture": "#mesh_palette" },
				"west": { "uv": [ 4.96, 0.96, 7.04, 3.04 ], "texture": "#mesh_palette" },
				"east": { "uv": [ 4.96, 0.96, 7.04, 3.04 ], "texture": "#mesh_palette" }
			}
		},
		{
			"__comment": "Voxels-00FFFF",
			"from": [ 12, 0, 9 ],
			"to": [ 18, 1, 10 ],
			"faces": {
				"down": { "uv": [ 4.96, 0.96, 7.04, 3.04 ], "texture": "#mesh_palette" },
				"up": { "uv": [ 4.96, 0.96, 7.04, 3.04 ], "texture": "#mesh_palette" },
				"north": { "uv": [ 4.96, 0.96, 7.04, 3.04 ], "texture": "#mesh_palette" },
				"south": { "uv": [ 4.96, 0.96, 7.04, 3.04 ], "texture": "#mesh_palette" },
				"west": { "uv": [ 4.96, 0.96, 7.04, 3.04 ], "texture": "#mesh_palette" },
				"east": { "uv": [ 4.96, 0.96, 7.04, 3.04 ], "texture": "#mesh_palette" }
			}
		},
		{
			"__comment": "Voxels-3AC6FF",
			"from": [ 12, 14, 8 ],
			"to": [ 13, 15, 9 ],
			"faces": {
				"down": { "uv": [ 4.96, 8.96, 7.04, 11.04 ], "texture": "#mesh_palette" },
				"up": { "uv": [ 4.96, 8.96, 7.04, 11.04 ], "texture": "#mesh_palette" },
				"north": { "uv": [ 4.96, 8.96, 7.04, 11.04 ], "texture": "#mesh_palette" },
				"south": { "uv": [ 4.96, 8.96, 7.04, 11.04 ], "texture": "#mesh_palette" },
				"west": { "uv": [ 4.96, 8.96, 7.04, 11.04 ], "texture": "#mesh_palette" },
				"east": { "uv": [ 4.96, 8.96, 7.04, 11.04 ], "texture": "#mesh_palette" }
			}
		},
		{
			"__comment": "Voxels-3AC6FF",
			"from": [ 12, 24, 8 ],
			"to": [ 13, 26, 9 ],
			"faces": {
				"down": { "uv": [ 4.96, 8.96, 7.04, 11.04 ], "texture": "#mesh_palette" },
				"up": { "uv": [ 4.96, 8.96, 7.04, 11.04 ], "texture": "#mesh_palette" },
				"north": { "uv": [ 4.96, 8.96, 7.04, 11.04 ], "texture": "#mesh_palette" },
				"south": { "uv": [ 4.96, 8.96, 7.04, 11.04 ], "texture": "#mesh_palette" },
				"west": { "uv": [ 4.96, 8.96, 7.04, 11.04 ], "texture": "#mesh_palette" },
				"east": { "uv": [ 4.96, 8.96, 7.04, 11.04 ], "texture": "#mesh_palette" }
			}
		},
		{
			"__comment": "Voxels-3AC6FF",
			"from": [ 13, 11, 8 ],
			"to": [ 14, 14, 9 ],
			"faces": {
				"down": { "uv": [ 4.96, 8.96, 7.04, 11.04 ], "texture": "#mesh_palette" },
				"up": { "uv": [ 4.96, 8.96, 7.04, 11.04 ], "texture": "#mesh_palette" },
				"north": { "uv": [ 4.96, 8.96, 7.04, 11.04 ], "texture": "#mesh_palette" },
				"south": { "uv": [ 4.96, 8.96, 7.04, 11.04 ], "texture": "#mesh_palette" },
				"west": { "uv": [ 4.96, 8.96, 7.04, 11.04 ], "texture": "#mesh_palette" },
				"east": { "uv": [ 4.96, 8.96, 7.04, 11.04 ], "texture": "#mesh_palette" }
			}
		},
		{
			"__comment": "Voxels-00FFFF",
			"from": [ 15, 2, 8 ],
			"to": [ 16, 3, 9 ],
			"faces": {
				"down": { "uv": [ 4.96, 0.96, 7.04, 3.04 ], "texture": "#mesh_palette" },
				"up": { "uv": [ 4.96, 0.96, 7.04, 3.04 ], "texture": "#mesh_palette" },
				"north": { "uv": [ 4.96, 0.96, 7.04, 3.04 ], "texture": "#mesh_palette" },
				"south": { "uv": [ 4.96, 0.96, 7.04, 3.04 ], "texture": "#mesh_palette" },
				"west": { "uv": [ 4.96, 0.96, 7.04, 3.04 ], "texture": "#mesh_palette" },
				"east": { "uv": [ 4.96, 0.96, 7.04, 3.04 ], "texture": "#mesh_palette" }
			}
		},
		{
			"__comment": "Voxels-00FFFF",
			"from": [ 16, 1, 7 ],
			"to": [ 17, 2, 8 ],
			"faces": {
				"down": { "uv": [ 4.96, 0.96, 7.04, 3.04 ], "texture": "#mesh_palette" },
				"up": { "uv": [ 4.96, 0.96, 7.04, 3.04 ], "texture": "#mesh_palette" },
				"north": { "uv": [ 4.96, 0.96, 7.04, 3.04 ], "texture": "#mesh_palette" },
				"south": { "uv": [ 4.96, 0.96, 7.04, 3.04 ], "texture": "#mesh_palette" },
				"west": { "uv": [ 4.96, 0.96, 7.04, 3.04 ], "texture": "#mesh_palette" },
				"east": { "uv": [ 4.96, 0.96, 7.04, 3.04 ], "texture": "#mesh_palette" }
			}
		},
		{
			"__comment": "Voxels-00FFFF",
			"from": [ 16, 1, 9 ],
			"to": [ 17, 2, 10 ],
			"faces": {
				"down": { "uv": [ 4.96, 0.96, 7.04, 3.04 ], "texture": "#mesh_palette" },
				"up": { "uv": [ 4.96, 0.96, 7.04, 3.04 ], "texture": "#mesh_palette" },
				"north": { "uv": [ 4.96, 0.96, 7.04, 3.04 ], "texture": "#mesh_palette" },
				"south": { "uv": [ 4.96, 0.96, 7.04, 3.04 ], "texture": "#mesh_palette" },
				"west": { "uv": [ 4.96, 0.96, 7.04, 3.04 ], "texture": "#mesh_palette" },
				"east": { "uv": [ 4.96, 0.96, 7.04, 3.04 ], "texture": "#mesh_palette" }
			}
		},
		{
			"__comment": "Voxels-00235E",
			"from": [ 16, 3, 8 ],
			"to": [ 17, 4, 9 ],
			"faces": {
				"down": { "uv": [ 8.96, 0.96, 11.04, 3.04 ], "texture": "#mesh_palette" },
				"up": { "uv": [ 8.96, 0.96, 11.04, 3.04 ], "texture": "#mesh_palette" },
				"north": { "uv": [ 8.96, 0.96, 11.04, 3.04 ], "texture": "#mesh_palette" },
				"south": { "uv": [ 8.96, 0.96, 11.04, 3.04 ], "texture": "#mesh_palette" },
				"west": { "uv": [ 8.96, 0.96, 11.04, 3.04 ], "texture": "#mesh_palette" },
				"east": { "uv": [ 8.96, 0.96, 11.04, 3.04 ], "texture": "#mesh_palette" }
			}
		},
		{
			"__comment": "Voxels-00235E",
			"from": [ 16, 6, 7 ],
			"to": [ 17, 7, 8 ],
			"faces": {
				"down": { "uv": [ 8.96, 0.96, 11.04, 3.04 ], "texture": "#mesh_palette" },
				"up": { "uv": [ 8.96, 0.96, 11.04, 3.04 ], "texture": "#mesh_palette" },
				"north": { "uv": [ 8.96, 0.96, 11.04, 3.04 ], "texture": "#mesh_palette" },
				"south": { "uv": [ 8.96, 0.96, 11.04, 3.04 ], "texture": "#mesh_palette" },
				"west": { "uv": [ 8.96, 0.96, 11.04, 3.04 ], "texture": "#mesh_palette" },
				"east": { "uv": [ 8.96, 0.96, 11.04, 3.04 ], "texture": "#mesh_palette" }
			}
		},
		{
			"__comment": "Voxels-00FFFF",
			"from": [ 17, 0, 8 ],
			"to": [ 18, 1, 9 ],
			"faces": {
				"down": { "uv": [ 4.96, 0.96, 7.04, 3.04 ], "texture": "#mesh_palette" },
				"up": { "uv": [ 4.96, 0.96, 7.04, 3.04 ], "texture": "#mesh_palette" },
				"north": { "uv": [ 4.96, 0.96, 7.04, 3.04 ], "texture": "#mesh_palette" },
				"south": { "uv": [ 4.96, 0.96, 7.04, 3.04 ], "texture": "#mesh_palette" },
				"west": { "uv": [ 4.96, 0.96, 7.04, 3.04 ], "texture": "#mesh_palette" },
				"east": { "uv": [ 4.96, 0.96, 7.04, 3.04 ], "texture": "#mesh_palette" }
			}
		},
		{
			"__comment": "Voxels-00235E",
			"from": [ 17, 5, 9 ],
			"to": [ 18, 6, 10 ],
			"faces": {
				"down": { "uv": [ 8.96, 0.96, 11.04, 3.04 ], "texture": "#mesh_palette" },
				"up": { "uv": [ 8.96, 0.96, 11.04, 3.04 ], "texture": "#mesh_palette" },
				"north": { "uv": [ 8.96, 0.96, 11.04, 3.04 ], "texture": "#mesh_palette" },
				"south": { "uv": [ 8.96, 0.96, 11.04, 3.04 ], "texture": "#mesh_palette" },
				"west": { "uv": [ 8.96, 0.96, 11.04, 3.04 ], "texture": "#mesh_palette" },
				"east": { "uv": [ 8.96, 0.96, 11.04, 3.04 ], "texture": "#mesh_palette" }
			}
		},
		{
			"__comment": "Voxels-00235E",
			"from": [ 18, 2, 9 ],
			"to": [ 19, 3, 10 ],
			"faces": {
				"down": { "uv": [ 8.96, 0.96, 11.04, 3.04 ], "texture": "#mesh_palette" },
				"up": { "uv": [ 8.96, 0.96, 11.04, 3.04 ], "texture": "#mesh_palette" },
				"north": { "uv": [ 8.96, 0.96, 11.04, 3.04 ], "texture": "#mesh_palette" },
				"south": { "uv": [ 8.96, 0.96, 11.04, 3.04 ], "texture": "#mesh_palette" },
				"west": { "uv": [ 8.96, 0.96, 11.04, 3.04 ], "texture": "#mesh_palette" },
				"east": { "uv": [ 8.96, 0.96, 11.04, 3.04 ], "texture": "#mesh_palette" }
			}
		},
		{
			"__comment": "Voxels-00235E",
			"from": [ 19, 4, 7 ],
			"to": [ 20, 5, 8 ],
			"faces": {
				"down": { "uv": [ 8.96, 0.96, 11.04, 3.04 ], "texture": "#mesh_palette" },
				"up": { "uv": [ 8.96, 0.96, 11.04, 3.04 ], "texture": "#mesh_palette" },
				"north": { "uv": [ 8.96, 0.96, 11.04, 3.04 ], "texture": "#mesh_palette" },
				"south": { "uv": [ 8.96, 0.96, 11.04, 3.04 ], "texture": "#mesh_palette" },
				"west": { "uv": [ 8.96, 0.96, 11.04, 3.04 ], "texture": "#mesh_palette" },
				"east": { "uv": [ 8.96, 0.96, 11.04, 3.04 ], "texture": "#mesh_palette" }
			}
		},
		{
			"__comment": "Voxels-00235E",
			"from": [ 19, 7, 8 ],
			"to": [ 20, 8, 9 ],
			"faces": {
				"down": { "uv": [ 8.96, 0.96, 11.04, 3.04 ], "texture": "#mesh_palette" },
				"up": { "uv": [ 8.96, 0.96, 11.04, 3.04 ], "texture": "#mesh_palette" },
				"north": { "uv": [ 8.96, 0.96, 11.04, 3.04 ], "texture": "#mesh_palette" },
				"south": { "uv": [ 8.96, 0.96, 11.04, 3.04 ], "texture": "#mesh_palette" },
				"west": { "uv": [ 8.96, 0.96, 11.04, 3.04 ], "texture": "#mesh_palette" },
				"east": { "uv": [ 8.96, 0.96, 11.04, 3.04 ], "texture": "#mesh_palette" }
			}
		}
	],
	"display": {
		"thirdperson_righthand": {
			"rotation":  [ 0, 92, 0 ],
			"translation":  [ 0, 11.13, 1.3913 ],
			"scale":  [ 0.6, 0.8, 0.8 ]
		},
		"thirdperson_lefthand": {
			"rotation":  [ 88, 4, -3 ],
			"translation":  [ 2.0869, 1.3913, 10.434 ],
			"scale":  [ 0.6, 0.8, 0.8 ]
		},
		"firstperson_righthand": {
			"rotation":  [ 3, -77, 16 ],
			"translation":  [ 0, 7.6521, -2.782 ],
			"scale":  [ 0.6, 0.8, 0.8 ]
		},
		"firstperson_lefthand": {
			"rotation":  [ -140, -180, -175 ],
			"translation":  [ 0.6956, 9.0434, 7.6526 ]
		},
		"gui": {
			"rotation":  [ -14, -47, -60 ],
			"translation":  [ 0, 0.6956, 2.0869 ],
			"scale":  [ 0.5, 0.5, 0.5 ]
		},
		"ground": {
			"rotation":  [ 97, 0, 0 ],
			"scale":  [ 0.6, 0.8, 0.8 ]
		},
		"fixed": {
			"rotation":  [ 8, -5, -118 ]
		}
	}
}