{
    "parent": "item/handheld",
    "textures": {
        "layer0": "weapons/iron_2h"
    },
    "display": {
        "thirdperson_righthand": {
            "rotation": [ 0, -90, 30 ],
            "translation": [ 0, 10.0, 3 ],
            "scale": [ 1.5, 1.5, 0.85 ]
        },
        "thirdperson_lefthand": {
            "rotation": [ 0, 90, -30 ],
            "translation": [ 0, 10.0, 3 ],
            "scale": [ 1.5, 1.5, 0.85 ]
        },
        "firstperson_righthand": {
            "rotation": [ 0, -90, 60 ],
            "translation": [ 1.13, 8.2, 0.13 ],
            "scale": [ 1.1, 1.1, 0.68 ]
        },
        "firstperson_lefthand": {
            "rotation": [ 0, 90, -60 ],
            "translation": [ 1.13, 8.2, 0.13 ],
            "scale": [ 1.1, 1.1, 0.68 ]
        }
      }
}
