{
    "display": {
        "firstperson_lefthand": {
            "rotation": [
                0,
                90,
                -60
            ],
            "scale": [
                0.9,
                0.9,
                0.68
            ],
            "translation": [
                1.13,
                8.2,
                0.13
            ]
        },
        "firstperson_righthand": {
            "rotation": [
                0,
                -90,
                60
            ],
            "scale": [
                0.9,
                0.9,
                0.68
            ],
            "translation": [
                1.13,
                8.2,
                0.13
            ]
        },
        "thirdperson_lefthand": {
            "rotation": [
                0,
                90,
                -30
            ],
            "scale": [
                1.1,
                1.1,
                0.85
            ],
            "translation": [
                0,
                10,
                3
            ]
        },
        "thirdperson_righthand": {
            "rotation": [
                0,
                -90,
                30
            ],
            "scale": [
                1.1,
                1.1,
                0.85
            ],
            "translation": [
                0,
                10,
                3
            ]
        }
    },
    "parent": "item/handheld",
    "textures": {"layer0": "weapons/noted_dragon_hatchet"}
}