{
    "display": {
        "firstperson_lefthand": {
            "rotation": [
                180,
                -90,
                90
            ],
            "scale": [
                1,
                1,
                1
            ],
            "translation": [
                0,
                5,
                -4
            ]
        },
        "firstperson_righthand": {
            "rotation": [
                0,
                90,
                65
            ],
            "scale": [
                1,
                1,
                1
            ],
            "translation": [
                0,
                1,
                -4
            ]
        },
        "thirdperson_lefthand": {
            "rotation": [
                180,
                -90,
                90
            ],
            "scale": [
                1,
                1,
                1
            ],
            "translation": [
                0,
                5,
                -4
            ]
        },
        "thirdperson_righthand": {
            "rotation": [
                0,
                90,
                65
            ],
            "scale": [
                1,
                1,
                1
            ],
            "translation": [
                0,
                1,
                -4
            ]
        }
    },
    "parent": "item/handheld",
    "textures": {"layer0": "weapons/noted_abyssal_whip"}
}