{
"__comment": "Designed by Scipio3000 with BDcraft Cubik PRO 0.96 Beta - http://bdcraft.net",
"textures": {
    "gravestone": "blocks/gravestone"
},
"elements": [ 
{
    "from": [ 0, 0, 0 ],
    "to": [ 16, 1, 16 ],
    "faces": {
        "down":  { "uv": [ 16, 16, 0, 0 ], "texture": "#gravestone" },
        "up":    { "uv": [ 0, 0, 16, 16 ], "texture": "#gravestone" },
        "north": { "uv": [ 0, 15, 16, 16 ], "texture": "#gravestone" },
        "south": { "uv": [ 0, 15, 16, 16 ], "texture": "#gravestone" },
        "west":  { "uv": [ 0, 15, 16, 16 ], "texture": "#gravestone" },
        "east":  { "uv": [ 0, 15, 16, 16 ], "texture": "#gravestone" }
    }
},
{
    "from": [ 1, 1, 1 ],
    "to": [ 15, 2, 15 ],
    "faces": {
        "down":  { "uv": [ 15, 15, 1, 1 ], "texture": "#gravestone" },
        "up":    { "uv": [ 1, 1, 15, 15 ], "texture": "#gravestone" },
        "north": { "uv": [ 1, 14, 15, 15 ], "texture": "#gravestone" },
        "south": { "uv": [ 1, 14, 15, 15 ], "texture": "#gravestone" },
        "west":  { "uv": [ 1, 14, 15, 15 ], "texture": "#gravestone" },
        "east":  { "uv": [ 1, 14, 15, 15 ], "texture": "#gravestone" }
    }
},
{
    "from": [ 2, 2, 2 ],
    "to": [ 14, 3, 14 ],
    "faces": {
        "down":  { "uv": [ 14, 14, 2, 2 ], "texture": "#gravestone" },
        "up":    { "uv": [ 2, 2, 14, 14 ], "texture": "#gravestone" },
        "north": { "uv": [ 2, 13, 14, 14 ], "texture": "#gravestone" },
        "south": { "uv": [ 2, 13, 14, 14 ], "texture": "#gravestone" },
        "west":  { "uv": [ 2, 13, 14, 14 ], "texture": "#gravestone" },
        "east":  { "uv": [ 2, 13, 14, 14 ], "texture": "#gravestone" }
    }
},
{
    "from": [ 3, 3, 3 ],
    "to": [ 13, 4, 13 ],
    "faces": {
        "down":  { "uv": [ 13, 13, 3, 3 ], "texture": "#gravestone" },
        "up":    { "uv": [ 3, 3, 13, 13 ], "texture": "#gravestone" },
        "north": { "uv": [ 3, 12, 13, 13 ], "texture": "#gravestone" },
        "south": { "uv": [ 3, 12, 13, 13 ], "texture": "#gravestone" },
        "west":  { "uv": [ 3, 12, 13, 13 ], "texture": "#gravestone" },
        "east":  { "uv": [ 3, 12, 13, 13 ], "texture": "#gravestone" }
    }
},
{
    "from": [ 5.5, 4, 4 ],
    "to": [ 11, 22.5, 12 ],
    "faces": {
        "down":  { "uv": [ 10.5, 12, 5, 4 ], "texture": "#gravestone" },
        "up":    { "uv": [ 5.5, 4, 11, 12 ], "texture": "#gravestone" },
        "north": { "uv": [ 5, 0, 10.5, 12 ], "texture": "#gravestone" },
        "south": { "uv": [ 5.5, 0, 11, 12 ], "texture": "#gravestone" },
        "west":  { "uv": [ 4, 0, 12, 12 ], "texture": "#gravestone" },
        "east":  { "uv": [ 4, 0, 12, 12 ], "texture": "#gravestone" }
    }
},
{
    "from": [ 3, 22.5, 3 ],
    "to": [ 13, 23.5, 13 ],
    "faces": {
        "down":  { "uv": [ 13, 13, 3, 3 ], "texture": "#gravestone" },
        "up":    { "uv": [ 3, 3, 13, 13 ], "texture": "#gravestone" },
        "north": { "uv": [ 3, 0, 13, 0 ], "texture": "#gravestone" },
        "south": { "uv": [ 3, 0, 13, 0 ], "texture": "#gravestone" },
        "west":  { "uv": [ 3, 0, 13, 0 ], "texture": "#gravestone" },
        "east":  { "uv": [ 3, 0, 13, 0 ], "texture": "#gravestone" }
    }
},
{
    "from": [ 4, 4, 5.5 ],
    "to": [ 12, 22.5, 11 ],
    "faces": {
        "down":  { "uv": [ 12, 11, 4, 5.5 ], "texture": "#gravestone" },
        "up":    { "uv": [ 4, 5.5, 12, 11 ], "texture": "#gravestone" },
        "north": { "uv": [ 4, 0, 12, 12 ], "texture": "#gravestone" },
        "south": { "uv": [ 4, 0, 12, 12 ], "texture": "#gravestone" },
        "west":  { "uv": [ 5.5, 0, 11, 12 ], "texture": "#gravestone" },
        "east":  { "uv": [ 5, 0, 10.5, 12 ], "texture": "#gravestone" }
    }
}
],
"display": {
    "head": {
        "rotation": [ 0, 0, 0 ],
        "translation": [ 0, 2, 0 ],
        "scale": [ 1.8, 1.8, 1.8 ]
    }
}
}