{
"__comment": "Designed by Jey224 with BDcraft Cubik PRO 0.96 Beta - http://bdcraft.net",
"textures": {
    "texture": "holidayitems/halloweenmask_green"
},
"elements": [ 
{
    "from": [ 3, 7, 11 ],
    "to": [ 13, 13, 12 ],
    "faces": {
        "down":  { "uv": [ 1, 0.5, 1.5, 1 ], "texture": "#texture" },
        "up":    { "uv": [ 1, 0.5, 1.5, 1 ], "texture": "#texture" },
        "north": { "uv": [ 1, 0.5, 1.5, 1 ], "texture": "#texture" },
        "south": { "uv": [ 1, 0.5, 1.5, 1 ], "texture": "#texture" },
        "west":  { "uv": [ 1, 0.5, 1.5, 1 ], "texture": "#texture" },
        "east":  { "uv": [ 1, 0.5, 1.5, 1 ], "texture": "#texture" }
    }
},
{
    "from": [ 6, 7, 12 ],
    "to": [ 10, 9, 15 ],
    "faces": {
        "down":  { "uv": [ 1, 0.5, 1.5, 1 ], "texture": "#texture" },
        "up":    { "uv": [ 1, 0.5, 1.5, 1 ], "texture": "#texture" },
        "north": { "uv": [ 1, 0.5, 1.5, 1 ], "texture": "#texture" },
        "south": { "uv": [ 1, 0.5, 1.5, 1 ], "texture": "#texture" },
        "west":  { "uv": [ 1, 0.5, 1.5, 1 ], "texture": "#texture" },
        "east":  { "uv": [ 1, 0.5, 1.5, 1 ], "texture": "#texture" }
    }
},
{
    "from": [ 6.5, 5.5, 12 ],
    "to": [ 7, 7, 14.5 ],
    "faces": {
        "down":  { "uv": [ 12, 9, 13.5, 10.5 ], "texture": "#texture" },
        "up":    { "uv": [ 12, 9, 13.5, 10.5 ], "texture": "#texture" },
        "north": { "uv": [ 12.5, 10, 14, 12.5 ], "texture": "#texture" },
        "south": { "uv": [ 12.5, 10, 14, 12.5 ], "texture": "#texture" },
        "west":  { "uv": [ 9.5, 10, 11, 12.5 ], "texture": "#texture" },
        "east":  { "uv": [ 9.5, 10, 11, 12.5 ], "texture": "#texture" }
    }
},
{
    "from": [ 5.5, 3.5, 11 ],
    "to": [ 10.5, 7, 12.5 ],
    "faces": {
        "down":  { "uv": [ 5.5, 3, 6, 3.5 ], "texture": "#texture" },
        "up":    { "uv": [ 5.5, 3, 6, 3.5 ], "texture": "#texture" },
        "north": { "uv": [ 4.5, 3.5, 5, 4 ], "texture": "#texture" },
        "south": { "uv": [ 4.5, 3.5, 5, 4 ], "texture": "#texture" },
        "west":  { "uv": [ 5.5, 3, 6, 3.5 ], "texture": "#texture" },
        "east":  { "uv": [ 5.5, 3, 6, 3.5 ], "texture": "#texture" }
    }
},
{
    "from": [ 5.5, 2.5, 12 ],
    "to": [ 10.5, 4, 15 ],
    "faces": {
        "down":  { "uv": [ 1, 0.5, 1.5, 1 ], "texture": "#texture" },
        "up":    { "uv": [ 1, 0.5, 1.5, 1 ], "texture": "#texture" },
        "north": { "uv": [ 1, 0.5, 1.5, 1 ], "texture": "#texture" },
        "south": { "uv": [ 1, 0.5, 1.5, 1 ], "texture": "#texture" },
        "west":  { "uv": [ 1, 0.5, 1.5, 1 ], "texture": "#texture" },
        "east":  { "uv": [ 1, 0.5, 1.5, 1 ], "texture": "#texture" }
    }
},
{
    "from": [ 9.5, 9.5, 12 ],
    "to": [ 11, 10.5, 12.5 ],
    "faces": {
        "down":  { "uv": [ 0, 8.5, 0.5, 9 ], "texture": "#texture" },
        "up":    { "uv": [ 0, 8.5, 0.5, 9 ], "texture": "#texture" },
        "north": { "uv": [ 0, 8.5, 0.5, 9 ], "texture": "#texture" },
        "south": { "uv": [ 0, 8.5, 0.5, 9 ], "texture": "#texture" },
        "west":  { "uv": [ 0, 8.5, 0.5, 9 ], "texture": "#texture" },
        "east":  { "uv": [ 0, 8.5, 0.5, 9 ], "texture": "#texture" }
    }
},
{
    "from": [ 3, 5, 2 ],
    "to": [ 13, 13, 11 ],
    "faces": {
        "down":  { "uv": [ 1, 0.5, 1.5, 1 ], "texture": "#texture" },
        "up":    { "uv": [ 1, 0.5, 1.5, 1 ], "texture": "#texture" },
        "north": { "uv": [ 1, 0.5, 1.5, 1 ], "texture": "#texture" },
        "south": { "uv": [ 1, 0.5, 1.5, 1 ], "texture": "#texture" },
        "west":  { "uv": [ 1, 0.5, 1.5, 1 ], "texture": "#texture" },
        "east":  { "uv": [ 1, 0.5, 1.5, 1 ], "texture": "#texture" }
    }
},
{
    "from": [ 4, 4, 3 ],
    "to": [ 12, 5, 11 ],
    "faces": {
        "down":  { "uv": [ 1, 0.5, 1.5, 1 ], "texture": "#texture" },
        "up":    { "uv": [ 1, 0.5, 1.5, 1 ], "texture": "#texture" },
        "north": { "uv": [ 1, 0.5, 1.5, 1 ], "texture": "#texture" },
        "south": { "uv": [ 1, 0.5, 1.5, 1 ], "texture": "#texture" },
        "west":  { "uv": [ 1, 0.5, 1.5, 1 ], "texture": "#texture" },
        "east":  { "uv": [ 1, 0.5, 1.5, 1 ], "texture": "#texture" }
    }
},
{
    "from": [ 5, 3, 3.5 ],
    "to": [ 11, 4, 11.5 ],
    "faces": {
        "down":  { "uv": [ 1, 0.5, 1.5, 1 ], "texture": "#texture" },
        "up":    { "uv": [ 1, 0.5, 1.5, 1 ], "texture": "#texture" },
        "north": { "uv": [ 1, 0.5, 1.5, 1 ], "texture": "#texture" },
        "south": { "uv": [ 1, 0.5, 1.5, 1 ], "texture": "#texture" },
        "west":  { "uv": [ 1, 0.5, 1.5, 1 ], "texture": "#texture" },
        "east":  { "uv": [ 1, 0.5, 1.5, 1 ], "texture": "#texture" }
    }
},
{
    "from": [ 4, 13, 3 ],
    "to": [ 12, 14, 10 ],
    "faces": {
        "down":  { "uv": [ 1, 0.5, 1.5, 1 ], "texture": "#texture" },
        "up":    { "uv": [ 1, 0.5, 1.5, 1 ], "texture": "#texture" },
        "north": { "uv": [ 1, 0.5, 1.5, 1 ], "texture": "#texture" },
        "south": { "uv": [ 1, 0.5, 1.5, 1 ], "texture": "#texture" },
        "west":  { "uv": [ 1, 0.5, 1.5, 1 ], "texture": "#texture" },
        "east":  { "uv": [ 1, 0.5, 1.5, 1 ], "texture": "#texture" }
    }
},
{
    "from": [ 5, 14, 4 ],
    "to": [ 11, 15, 9 ],
    "faces": {
        "down":  { "uv": [ 1, 0.5, 1.5, 1 ], "texture": "#texture" },
        "up":    { "uv": [ 1, 0.5, 1.5, 1 ], "texture": "#texture" },
        "north": { "uv": [ 1, 0.5, 1.5, 1 ], "texture": "#texture" },
        "south": { "uv": [ 1, 0.5, 1.5, 1 ], "texture": "#texture" },
        "west":  { "uv": [ 1, 0.5, 1.5, 1 ], "texture": "#texture" },
        "east":  { "uv": [ 1, 0.5, 1.5, 1 ], "texture": "#texture" }
    }
},
{
    "from": [ 9, 5.5, 12.5 ],
    "to": [ 9.5, 7, 14.5 ],
    "faces": {
        "down":  { "uv": [ 12, 9, 13.5, 10.5 ], "texture": "#texture" },
        "up":    { "uv": [ 12, 9, 13.5, 10.5 ], "texture": "#texture" },
        "north": { "uv": [ 12.5, 10, 14, 12.5 ], "texture": "#texture" },
        "south": { "uv": [ 12.5, 10, 14, 12.5 ], "texture": "#texture" },
        "west":  { "uv": [ 9.5, 10, 11, 12.5 ], "texture": "#texture" },
        "east":  { "uv": [ 9.5, 10, 11, 12.5 ], "texture": "#texture" }
    }
},
{
    "from": [ 6, 4, 12.5 ],
    "to": [ 10, 5, 14.5 ],
    "faces": {
        "down":  { "uv": [ 12, 8.5, 16, 10.5 ], "texture": "#texture" },
        "up":    { "uv": [ 12, 8.5, 16, 10.5 ], "texture": "#texture" },
        "north": { "uv": [ 12, 15, 16, 16 ], "texture": "#texture" },
        "south": { "uv": [ 12, 15, 16, 16 ], "texture": "#texture" },
        "west":  { "uv": [ 12.5, 11, 14.5, 12 ], "texture": "#texture" },
        "east":  { "uv": [ 12.5, 11, 14.5, 12 ], "texture": "#texture" }
    }
},
{
    "from": [ 2.8125, 12.5, 9 ],
    "to": [ 4.3125, 15, 10.5 ],
    "rotation": { "origin": [ 2.8125, 15, 9 ], "axis": "z", "angle": 22.5 },
    "faces": {
        "down":  { "uv": [ 12, 9, 13.5, 10.5 ], "texture": "#texture" },
        "up":    { "uv": [ 12, 9, 13.5, 10.5 ], "texture": "#texture" },
        "north": { "uv": [ 12.5, 10, 14, 12.5 ], "texture": "#texture" },
        "south": { "uv": [ 12.5, 10, 14, 12.5 ], "texture": "#texture" },
        "west":  { "uv": [ 9.5, 10, 11, 12.5 ], "texture": "#texture" },
        "east":  { "uv": [ 9.5, 10, 11, 12.5 ], "texture": "#texture" }
    }
},
{
    "from": [ 12, 13, 9 ],
    "to": [ 13.5, 15.5, 10.5 ],
    "rotation": { "origin": [ 12, 15.5, 9 ], "axis": "z", "angle": -22.5 },
    "faces": {
        "down":  { "uv": [ 12, 9, 13.5, 10.5 ], "texture": "#texture" },
        "up":    { "uv": [ 12, 9, 13.5, 10.5 ], "texture": "#texture" },
        "north": { "uv": [ 12.5, 10, 14, 12.5 ], "texture": "#texture" },
        "south": { "uv": [ 12.5, 10, 14, 12.5 ], "texture": "#texture" },
        "west":  { "uv": [ 9.5, 10, 11, 12.5 ], "texture": "#texture" },
        "east":  { "uv": [ 9.5, 10, 11, 12.5 ], "texture": "#texture" }
    }
},
{
    "from": [ 2.1875, 15.3125, 9.5 ],
    "to": [ 2.6875, 17.8125, 10 ],
    "rotation": { "origin": [ 2.1875, 17.8125, 9.5 ], "axis": "z", "angle": 22.5 },
    "faces": {
        "down":  { "uv": [ 12, 9, 13.5, 10.5 ], "texture": "#texture" },
        "up":    { "uv": [ 12, 9, 13.5, 10.5 ], "texture": "#texture" },
        "north": { "uv": [ 12.5, 10, 14, 12.5 ], "texture": "#texture" },
        "south": { "uv": [ 12.5, 10, 14, 12.5 ], "texture": "#texture" },
        "west":  { "uv": [ 9.5, 10, 11, 12.5 ], "texture": "#texture" },
        "east":  { "uv": [ 9.5, 10, 11, 12.5 ], "texture": "#texture" }
    }
},
{
    "from": [ 14, 16, 9.5 ],
    "to": [ 14.5, 18.5, 10 ],
    "rotation": { "origin": [ 14, 18.5, 9.5 ], "axis": "z", "angle": -22.5 },
    "faces": {
        "down":  { "uv": [ 12, 9, 13.5, 10.5 ], "texture": "#texture" },
        "up":    { "uv": [ 12, 9, 13.5, 10.5 ], "texture": "#texture" },
        "north": { "uv": [ 12.5, 10, 14, 12.5 ], "texture": "#texture" },
        "south": { "uv": [ 12.5, 10, 14, 12.5 ], "texture": "#texture" },
        "west":  { "uv": [ 9.5, 10, 11, 12.5 ], "texture": "#texture" },
        "east":  { "uv": [ 9.5, 10, 11, 12.5 ], "texture": "#texture" }
    }
},
{
    "from": [ 2.5, 14.6875, 9.25 ],
    "to": [ 3.5625, 16.25, 10.25 ],
    "rotation": { "origin": [ 2.5, 16.25, 9.25 ], "axis": "z", "angle": 22.5 },
    "faces": {
        "down":  { "uv": [ 12, 9, 13.5, 10.5 ], "texture": "#texture" },
        "up":    { "uv": [ 12, 9, 13.5, 10.5 ], "texture": "#texture" },
        "north": { "uv": [ 12.5, 10, 14, 12.5 ], "texture": "#texture" },
        "south": { "uv": [ 12.5, 10, 14, 12.5 ], "texture": "#texture" },
        "west":  { "uv": [ 9.5, 10, 11, 12.5 ], "texture": "#texture" },
        "east":  { "uv": [ 9.5, 10, 11, 12.5 ], "texture": "#texture" }
    }
},
{
    "from": [ 13, 15, 9.25 ],
    "to": [ 14, 17, 10.25 ],
    "rotation": { "origin": [ 13, 17, 9.25 ], "axis": "z", "angle": -22.5 },
    "faces": {
        "down":  { "uv": [ 12, 9, 13.5, 10.5 ], "texture": "#texture" },
        "up":    { "uv": [ 12, 9, 13.5, 10.5 ], "texture": "#texture" },
        "north": { "uv": [ 12.5, 10, 14, 12.5 ], "texture": "#texture" },
        "south": { "uv": [ 12.5, 10, 14, 12.5 ], "texture": "#texture" },
        "west":  { "uv": [ 9.5, 10, 11, 12.5 ], "texture": "#texture" },
        "east":  { "uv": [ 9.5, 10, 11, 12.5 ], "texture": "#texture" }
    }
},
{
    "from": [ 5, 9.5, 12 ],
    "to": [ 6.5, 10.5, 12.5 ],
    "faces": {
        "down":  { "uv": [ 0, 8.5, 0.5, 9 ], "texture": "#texture" },
        "up":    { "uv": [ 0, 8.5, 0.5, 9 ], "texture": "#texture" },
        "north": { "uv": [ 0, 8.5, 0.5, 9 ], "texture": "#texture" },
        "south": { "uv": [ 0, 8.5, 0.5, 9 ], "texture": "#texture" },
        "west":  { "uv": [ 0, 8.5, 0.5, 9 ], "texture": "#texture" },
        "east":  { "uv": [ 0, 8.5, 0.5, 9 ], "texture": "#texture" }
    }
}
],
"display": {
    "head": {
        "rotation": [ 0, 180, 0 ],
        "translation": [ 0, -0.76, -2.27 ],
        "scale": [ 1.5, 1.5, 1.5 ]
    }
}
}